SEQ,,合計,ドラッグストア,デパート,ブランド専門のインターネット通信販売,大型スーパー,化粧品専門店,インターネット以外の通信販売,その他,ディスカウント系のインターネット通信販売,バラエティショップ,コンビニエンスストア,食品スーパー,ディスカウントショップ（ドンキホーテ等）,ホームセンター
,,23224,7053,4769,2362,2080,1923,1968,1784,556,233,229,121,73,73
1,肌,2259,686,436,233,232,207,204,171,45,14,16,5,9,1
2,価格#,868,347,64,97,117,35,98,35,13,11,18,20,3,10
3,カバー力,783,219,237,66,50,76,46,46,27,10,2,1,3,0
4,自然,721,209,164,80,65,62,49,60,17,6,3,0,4,2
5,色,650,248,143,42,70,33,44,33,14,6,11,2,2,2
6,伸び,602,184,142,62,43,49,47,48,17,5,1,0,4,0
7,綺麗#,569,190,152,41,59,44,22,28,22,3,2,4,1,1
8,自分,468,185,91,26,54,31,30,31,8,3,3,3,2,1
9,感じ,465,134,92,49,50,42,37,42,7,5,2,1,4,0
10,仕上がり,413,124,107,42,33,40,25,26,9,5,1,0,0,1
11,手頃#,350,149,23,41,43,19,43,12,4,2,3,6,2,3
12,薄付き,275,78,81,28,23,28,9,18,6,2,0,2,0,0
13,毛穴,249,107,56,17,20,18,10,8,7,4,1,0,1,0
14,透明感,227,88,57,13,27,20,5,9,7,0,0,0,1,0
15,カバー,192,56,62,17,13,12,8,14,3,5,0,0,1,1
16,のり,191,79,33,11,16,17,17,10,3,0,2,1,2,0
17,好き,188,76,37,12,11,24,13,10,3,1,0,1,0,0
18,無添加,164,5,28,57,6,18,31,16,2,0,1,0,0,0
19,化粧崩れ,158,48,32,23,14,10,13,15,2,1,0,0,0,0
20,付け心地,158,39,39,17,10,15,15,14,2,3,0,0,1,3
21,ファンデーション,153,39,28,11,14,16,18,12,9,3,0,0,2,1
22,無香料,151,21,22,32,12,5,32,20,5,0,0,2,0,0
23,ナチュラル,149,36,52,11,9,14,10,8,6,3,0,0,0,0
24,リキッド,148,40,36,14,10,16,10,14,4,1,1,0,1,1
25,ケース,147,64,25,3,16,13,7,5,8,1,3,1,0,1
26,薄づき,144,37,48,11,10,14,12,7,4,1,0,0,0,0
27,つき,137,54,24,13,17,5,6,11,4,0,2,1,0,0
28,所,136,45,27,11,16,8,11,7,1,3,3,2,1,1
29,粉,134,46,29,12,15,9,12,10,1,0,0,0,0,0
30,化粧,133,43,25,16,9,13,6,11,8,1,0,0,1,0
31,粒子,131,24,34,13,16,16,12,13,2,1,0,0,0,0
32,よう,115,38,27,6,8,11,11,8,2,2,1,0,1,0
33,安心,111,22,14,22,3,11,19,11,3,1,3,2,0,0
34,つけ心地,110,41,16,17,8,10,8,7,1,1,1,0,0,0
35,使用,109,29,20,13,4,8,13,18,0,1,1,2,0,0
36,気,109,48,10,12,14,8,8,4,2,1,2,0,0,0
37,厚塗り,108,31,20,10,12,9,12,10,2,1,0,0,0,1
38,負担,96,13,12,13,5,9,23,14,5,0,0,1,1,0
39,ノリ,95,34,19,8,8,9,6,5,2,2,1,1,0,0
40,手軽,93,26,13,15,6,6,7,10,2,0,6,1,0,1
41,汗,93,30,13,12,9,9,6,8,3,2,1,0,0,0
42,肌色,89,32,26,7,6,2,7,3,2,0,1,1,1,1
43,ムラ,86,28,14,5,8,9,7,10,4,0,1,0,0,0
44,素肌,83,24,25,4,9,8,3,7,0,1,1,0,1,0
45,敏感肌,83,17,13,11,7,14,6,10,3,1,0,1,0,0
46,乾燥,83,16,28,10,6,10,5,4,2,1,0,0,0,1
47,購入,82,23,4,17,8,0,10,8,3,2,6,0,0,1
48,パウダー,82,24,26,2,10,10,1,4,2,1,1,0,1,0
49,安価,81,33,5,10,11,1,6,8,3,0,2,1,0,1
50,デザイン,81,43,16,1,4,5,5,2,4,0,1,0,0,0
51,私,79,24,10,9,9,6,10,6,2,1,1,1,0,0
52,保,78,17,27,8,3,8,8,7,0,0,0,0,0,0
53,匂い,74,23,13,8,6,7,9,4,2,0,2,0,0,0
54,使い心地,73,20,12,12,9,7,6,5,1,0,0,0,0,1
55,もの,71,22,8,12,4,7,6,9,2,0,0,1,0,0
56,肌荒れ,70,16,7,11,6,6,11,9,2,0,2,0,0,0
57,さ,68,19,17,5,5,5,6,7,3,0,0,0,1,0
58,コンパクト,67,26,19,3,7,4,2,2,0,0,4,0,0,0
59,少量,67,10,23,8,3,3,12,4,3,1,0,0,0,0
60,香り,66,18,27,3,5,9,1,3,0,0,0,0,0,0
61,リキッドタイプ,65,18,17,6,5,4,4,8,2,1,0,0,0,0
62,簡単,63,14,11,9,4,3,9,8,3,0,1,0,0,1
63,もち,62,22,16,4,3,7,5,3,0,2,0,0,0,0
64,点,61,18,7,7,6,3,7,6,3,1,0,2,1,0
65,キレイ,60,17,20,3,7,3,4,3,3,0,0,0,0,0
66,成分,60,4,13,11,1,3,10,14,1,1,0,2,0,0
67,感,60,15,19,7,3,10,0,4,1,0,1,0,0,0
68,水,59,14,7,15,7,3,5,2,2,0,2,1,0,1
69,品質,59,14,7,12,8,3,9,3,1,0,1,1,0,0
70,フィット,57,10,18,6,5,4,7,4,1,1,1,0,0,0
71,割,57,20,4,8,7,2,7,3,2,0,2,1,1,0
72,付き,54,15,10,3,8,6,3,6,1,1,1,0,0,0
73,むら,53,19,9,6,5,5,4,4,1,0,0,0,0,0
74,使用感,53,16,8,10,4,3,3,7,1,1,0,0,0,0
75,わり,52,23,5,8,6,3,2,2,1,2,0,0,0,0
76,香料,51,9,12,4,4,5,4,11,1,0,1,0,0,0
77,長時間,50,13,13,6,2,3,7,5,0,1,0,0,0,0
78,シミ,49,14,10,5,7,4,2,2,4,0,0,0,0,1
79,しみ,49,12,14,3,4,2,2,5,1,2,1,1,0,2
80,手,48,20,5,3,5,2,2,7,1,0,2,1,0,0
81,低価格,48,13,0,5,8,0,8,4,0,0,6,2,1,1
82,事,48,18,8,4,2,2,4,6,2,1,0,1,0,0
83,時,47,15,9,3,5,2,5,6,1,0,1,0,0,0
84,色味,47,17,9,6,3,5,2,2,1,2,0,0,0,0
85,一番,46,23,12,1,3,2,2,2,0,0,1,0,0,0
86,長持ち,46,9,9,5,5,7,0,9,1,0,1,0,0,0
87,発色,46,17,17,1,3,4,2,1,0,1,0,0,0,0
88,時間,46,6,14,3,3,8,3,4,4,0,0,1,0,0
89,刺激,45,14,12,4,3,4,1,4,1,0,2,0,0,0
90,他,43,15,4,4,5,6,4,3,1,0,0,1,0,0
91,パッケージ,42,14,14,2,3,4,0,0,1,4,0,0,0,0
92,におい,42,12,9,5,2,4,2,6,0,1,0,1,0,0
93,UVカット,42,13,6,6,1,1,9,3,0,1,1,1,0,0
94,メーカー,41,9,9,7,3,5,5,3,0,0,0,0,0,0
95,割り,40,18,6,3,4,0,5,1,0,1,0,1,0,1
96,顔,39,8,14,4,4,3,1,2,1,1,0,0,0,1
97,通販,38,0,1,18,0,0,15,2,2,0,0,0,0,0
98,効果,38,7,9,7,2,5,5,1,2,0,0,0,0,0
99,力,38,14,9,2,2,3,5,3,0,0,0,0,0,0
100,化粧直し,38,6,15,3,4,2,3,4,0,1,0,0,0,0
101,肌質,37,9,5,3,5,5,4,3,1,1,0,0,1,0
102,フィット感,36,12,12,4,1,3,2,2,0,0,0,0,0,0
103,色合い,36,14,6,3,8,2,0,2,0,0,0,0,0,1
104,コンビニ,35,5,1,3,0,0,0,0,0,0,26,0,0,0
105,美白効果,35,11,10,2,2,3,3,2,0,1,0,0,1,0
106,とき,35,9,8,2,3,4,2,4,1,0,2,0,0,0
107,マット,34,9,18,0,1,0,2,1,2,1,0,0,0,0
108,サラッ,34,11,11,6,1,2,1,2,0,0,0,0,0,0
109,なじみ,33,12,3,0,3,7,1,5,2,0,0,0,0,0
110,ブランド,33,15,7,1,2,1,3,2,2,0,0,0,0,0
111,感触,32,8,13,1,3,1,2,2,1,1,0,0,0,0
112,なめらか,32,9,5,1,2,2,5,5,3,0,0,0,0,0
113,お手ごろ,31,9,4,4,7,2,2,0,1,0,1,1,0,0
114,化粧のり,31,10,6,1,3,4,5,1,1,0,0,0,0,0
115,オイルフリー,31,0,9,6,1,6,3,6,0,0,0,0,0,0
116,商品,31,14,2,2,4,5,2,2,0,0,0,0,0,0
117,下地,31,9,6,1,5,2,2,5,1,0,0,0,0,0
118,美容液,30,0,5,8,0,0,10,3,4,0,0,0,0,0
119,トラブル,30,7,4,2,4,5,3,3,0,2,0,0,0,0
120,便利,30,11,3,2,5,1,0,1,2,0,5,0,0,0
121,後,30,10,5,3,0,1,4,5,2,0,0,0,0,0
122,肌なじみ,29,6,10,3,2,4,2,2,0,0,0,0,0,0
123,気軽,29,13,1,2,3,0,2,1,0,0,5,2,0,0
124,これ,29,10,7,1,4,2,0,3,1,1,0,0,0,0
125,ＵＶカット,29,5,1,7,3,3,4,5,0,0,0,1,0,0
126,今,28,8,9,1,2,3,1,3,1,0,0,0,0,0
127,シンプル,28,8,8,2,6,0,2,0,0,0,1,1,0,0
128,すき,28,4,7,4,6,1,2,4,0,0,0,0,0,0
129,量,27,6,7,4,3,4,1,1,0,1,0,0,0,0
130,質感,27,10,7,1,2,2,2,2,1,0,0,0,0,0
131,敏感肌用,26,9,6,1,3,3,1,2,1,0,0,0,0,0
132,とこ,26,2,8,3,2,7,2,0,2,0,0,0,0,0
133,オールシーズン,26,14,2,0,5,3,0,2,0,0,0,0,0,0
134,ファン,26,4,7,3,0,2,5,2,1,2,0,0,0,0
135,'CM',26,13,7,0,2,2,0,1,0,0,1,0,0,0
136,どこ,26,16,5,0,4,1,0,0,0,0,0,0,0,0
137,テカリ,26,9,4,3,5,1,2,1,0,1,0,0,0,0
138,紫外線,26,4,4,3,1,4,1,4,2,0,1,1,1,0
139,乾燥肌,26,6,7,4,0,3,3,1,0,1,0,0,1,0
140,化粧品,25,7,2,1,4,2,2,5,1,0,0,1,0,0
141,豊富,25,10,6,2,1,2,3,0,0,1,0,0,0,0
142,容器,25,9,7,1,0,1,1,4,0,2,0,0,0,0
143,安全,24,0,0,7,0,4,3,9,0,0,0,1,0,0
144,リキッドファンデーション,24,3,7,2,3,4,3,1,1,0,0,0,0,0
145,方,24,8,8,1,1,3,2,1,0,0,0,0,0,0
146,日焼け止め効果,24,6,7,3,2,3,1,0,0,0,0,0,1,1
147,ため,23,4,5,2,1,2,4,3,1,0,1,0,0,0
148,低刺激,22,4,6,3,1,2,2,1,1,1,0,1,0,0
149,添加物,22,1,3,2,2,3,5,5,0,0,1,0,0,0
150,クリームタイプ,22,8,4,0,2,2,1,3,2,0,0,0,0,0
151,つや,22,5,12,1,0,1,2,0,1,0,0,0,0,0
152,厚化粧,22,6,3,3,1,2,4,2,0,1,0,0,0,0
153,質,22,7,1,2,4,2,1,4,0,1,0,0,0,0
154,カラー,21,10,4,3,2,1,0,0,0,1,0,0,0,0
155,ドラッグストア,21,19,0,1,0,0,0,0,0,0,0,0,0,1
156,皮脂,21,8,5,2,0,2,1,3,0,0,0,0,0,0
157,'ＣＭ',20,16,3,0,0,0,0,0,1,0,0,0,0,0
158,ＵＶ効果,20,7,3,0,4,1,2,2,0,1,0,0,0,0
159,薄つき,20,4,5,1,3,3,2,1,0,0,1,0,0,0
160,つけごこち,19,5,9,1,0,1,2,1,0,0,0,0,0,0
161,上,19,9,4,4,0,1,0,1,0,0,0,0,0,0
162,メイク,19,7,3,0,1,3,4,0,1,0,0,0,0,0
163,潤い,19,3,9,1,0,2,2,2,0,0,0,0,0,0
164,昔,19,8,3,0,2,1,1,3,1,0,0,0,0,0
165,高級感,18,5,6,0,0,3,0,3,1,0,0,0,0,0
166,長年,18,7,3,1,2,4,1,0,0,0,0,0,0,0
167,以前,18,8,3,0,2,1,3,0,0,0,0,1,0,0
168,滑らか,18,5,6,0,0,3,1,3,0,0,0,0,0,0
169,薄,18,5,6,2,2,1,1,1,0,0,0,0,0,0
170,顔色,18,8,5,2,0,2,0,1,0,0,0,0,0,0
171,心地,18,5,3,2,2,1,3,0,1,0,0,1,0,0
172,そう,17,4,2,4,2,1,1,2,1,0,0,0,0,0
173,密着,17,4,6,1,1,2,0,1,2,0,0,0,0,0
174,そばかす,17,8,4,0,0,0,2,2,0,0,0,1,0,0
175,素肌感,17,2,7,3,0,3,1,1,0,0,0,0,0,0
176,適度,17,5,5,1,1,1,1,1,1,1,0,0,0,0
177,お手頃,17,8,3,2,1,2,0,0,0,1,0,0,0,0
178,パール,16,10,3,1,2,0,0,0,0,0,0,0,0,0
179,信頼,16,5,3,2,1,1,3,0,0,0,0,1,0,0
180,お肌,16,2,2,3,1,0,2,5,1,0,0,0,0,0
181,にきび,16,2,5,4,1,2,0,1,0,1,0,0,0,0
182,お手ごろ価格,16,7,1,4,1,0,1,0,0,1,1,0,0,0
183,ニキビ,16,4,6,3,0,2,0,0,0,1,0,0,0,0
184,楽,16,3,2,4,0,1,1,4,0,0,1,0,0,0
185,資生堂,16,8,2,0,4,1,0,0,1,0,0,0,0,0
186,パフ,16,5,2,2,2,1,1,1,0,0,2,0,0,0
187,サラサラ感,15,8,1,2,0,0,2,2,0,0,0,0,0,0
188,安心感,15,6,1,1,3,0,1,1,1,0,0,1,0,0
189,愛用,15,9,3,0,1,1,0,1,0,0,0,0,0,0
190,油,15,1,3,3,1,2,2,3,0,0,0,0,0,0
191,人,15,6,4,1,0,2,0,1,0,0,1,0,0,0
192,あと,15,6,4,0,1,1,2,0,0,0,0,1,0,0
193,見た目,15,4,4,0,5,0,0,1,0,0,1,0,0,0
194,スーパー,15,5,0,0,5,0,0,0,0,0,0,3,0,2
195,大丈夫,15,7,0,1,0,3,0,3,1,0,0,0,0,0
196,薄付,15,4,6,2,0,1,2,0,0,0,0,0,0,0
197,油分,15,0,0,6,0,0,5,4,0,0,0,0,0,0
198,天然成分,15,0,1,4,0,0,4,6,0,0,0,0,0,0
199,白,14,1,3,2,3,0,3,0,2,0,0,0,0,0
200,夏,14,4,1,3,1,1,2,1,0,0,1,0,0,0
201,イメージ,14,10,3,0,0,1,0,0,0,0,0,0,0,0
202,リーズナブル,14,6,3,1,2,0,1,0,1,0,0,0,0,0
203,一緒,14,6,1,2,1,0,2,1,1,0,0,0,0,0
204,使い,14,3,4,0,3,2,1,0,1,0,0,0,0,0
205,種類,14,7,4,2,0,0,0,0,0,1,0,0,0,0
206,不使用,14,0,0,5,0,2,5,2,0,0,0,0,0,0
207,肌トラブル,14,6,4,1,2,0,1,0,0,0,0,0,0,0
208,さそう,14,2,6,3,0,1,0,0,0,1,0,1,0,0
209,光,14,2,2,1,6,2,0,0,0,1,0,0,0,0
210,かさ,14,3,3,2,1,4,1,0,0,0,0,0,0,0
211,日焼け止め,13,3,3,1,0,1,2,3,0,0,0,0,0,0
212,皮膚呼吸,13,2,0,1,0,1,1,8,0,0,0,0,0,0
213,中,13,4,3,0,2,0,1,1,0,0,0,0,0,2
214,普通,13,7,1,1,0,1,1,1,0,0,0,0,1,0
215,日焼け,13,2,1,2,1,0,3,1,2,1,0,0,0,0
216,化粧持ち,13,2,7,2,2,0,0,0,0,0,0,0,0,0
217,それ,13,3,1,1,1,1,1,4,0,1,0,0,0,0
218,季節,13,1,2,3,2,0,2,2,1,0,0,0,0,0
219,化粧水,13,3,0,1,1,1,1,3,2,0,0,1,0,0
220,基礎化粧品,12,2,1,2,2,0,3,2,0,0,0,0,0,0
221,夏用,12,4,0,2,1,3,0,2,0,0,0,0,0,0
222,パウダータイプ,12,5,2,1,1,1,0,1,1,0,0,0,0,0
223,ラメ,12,4,3,1,1,2,0,0,0,0,1,0,0,0
224,しっとり感,12,2,4,0,1,4,1,0,0,0,0,0,0,0
225,ノビ,12,3,5,1,0,1,0,2,0,0,0,0,0,0
226,ごち,12,3,1,3,0,3,1,1,0,0,0,0,0,0
227,延び,12,3,3,1,1,0,3,1,0,0,0,0,0,0
228,金額,12,2,2,3,3,0,2,0,0,0,0,0,0,0
229,紫外線対策,12,6,0,1,1,2,1,0,1,0,0,0,0,0
230,つけ,12,4,0,4,1,1,0,2,0,0,0,0,0,0
231,たくさん,12,4,2,0,1,1,1,1,1,1,0,0,0,0
232,紫外線カット,11,5,1,0,1,2,2,0,0,0,0,0,0,0
233,違和感,11,2,3,2,1,2,0,1,0,0,0,0,0,0
234,ツヤ感,11,1,6,0,1,2,0,1,0,0,0,0,0,0
235,臭い,11,3,2,0,2,1,1,2,0,0,0,0,0,0
236,持続,11,4,4,2,0,0,0,1,0,0,0,0,0,0
237,おしゃれ,11,4,5,0,0,1,0,0,1,0,0,0,0,0
238,機能,11,3,1,2,1,0,2,1,1,0,0,0,0,0
239,調子,11,2,3,4,0,1,1,0,0,0,0,0,0,0
240,物,11,4,1,1,0,1,1,2,0,0,1,0,0,0
241,美白,11,3,1,0,2,1,1,3,0,0,0,0,0,0
242,オイルカット,11,0,0,5,0,3,3,0,0,0,0,0,0,0
243,形,10,6,2,0,1,1,0,0,0,0,0,0,0,0
244,原料,10,0,0,1,0,1,6,2,0,0,0,0,0,0
245,素肌感覚,10,2,2,1,2,1,0,1,1,0,0,0,0,0
246,肌触り,10,2,3,0,1,1,1,2,0,0,0,0,0,0
247,手間,10,2,2,0,0,0,2,2,1,0,0,0,0,1
248,気持ち,10,2,0,2,1,1,1,3,0,0,0,0,0,0
249,ファンデ,10,0,2,3,0,0,4,1,0,0,0,0,0,0
250,使い勝手,10,2,3,0,3,2,0,0,0,0,0,0,0,0
251,クリーム状,10,2,3,0,0,0,1,0,1,3,0,0,0,0
252,ツヤ,10,1,5,0,1,1,0,0,1,1,0,0,0,0
253,評判,10,3,5,0,1,0,1,0,0,0,0,0,0,0
254,ナチュラル感,10,4,2,1,0,2,0,1,0,0,0,0,0,0
255,'UV',10,3,0,3,3,0,0,1,0,0,0,0,0,0
256,赤ちゃん,10,7,0,1,1,0,0,1,0,0,0,0,0,0
257,テカら,10,2,5,2,0,1,0,0,0,0,0,0,0,0
258,いつ,10,3,0,2,0,0,0,3,0,0,2,0,0,0
259,配合,10,0,2,0,0,1,3,2,2,0,0,0,0,0
260,両方,10,2,3,2,1,1,0,0,0,0,1,0,0,0
261,近く,10,4,4,0,1,0,0,1,0,0,0,0,0,0
262,具合,10,3,3,1,1,2,0,0,0,0,0,0,0,0
263,カバ,10,5,0,1,1,2,0,1,0,0,0,0,0,0
264,製品,10,2,4,1,0,0,0,3,0,0,0,0,0,0
265,自然派化粧品,10,0,0,0,0,1,3,3,2,0,0,1,0,0
266,ん,10,5,0,0,3,0,1,0,0,1,0,0,0,0
267,自然化粧品,10,0,0,4,0,2,2,1,0,0,0,0,1,0
268,馴染み,9,2,2,1,2,1,0,0,0,1,0,0,0,0
269,用,9,3,0,0,4,0,1,0,1,0,0,0,0,0
270,鏡,9,4,3,0,1,0,1,0,0,0,0,0,0,0
271,カワイイ,9,4,4,0,0,1,0,0,0,0,0,0,0,0
272,夏場,9,2,2,0,1,0,2,2,0,0,0,0,0,0
273,スキンケア,9,2,0,1,1,0,1,2,1,0,0,1,0,0
274,赤み,9,1,3,1,1,3,0,0,0,0,0,0,0,0
275,自然派,9,0,1,2,1,1,1,2,0,0,0,1,0,0
276,ウォータープルーフ,9,7,0,0,1,0,0,0,1,0,0,0,0,0
277,サンプル,9,2,2,1,0,0,3,1,0,0,0,0,0,0
278,色目,9,2,1,1,3,2,0,0,0,0,0,0,0,0
279,ＵＶカット効果,9,3,1,0,1,0,3,0,0,0,0,0,0,1
280,圧迫感,9,0,0,2,1,2,0,4,0,0,0,0,0,0
281,店員さん,9,4,2,0,1,2,0,0,0,0,0,0,0,0
282,パクト,9,6,3,0,0,0,0,0,0,0,0,0,0,0
283,UVカット効果,9,1,1,3,0,1,1,2,0,0,0,0,0,0
284,状態,9,1,1,2,0,1,1,1,1,0,1,0,0,0
285,お手頃価格,9,3,1,2,0,1,2,0,0,0,0,0,0,0
286,問題,9,1,4,0,1,0,0,2,0,0,0,1,0,0
287,スポンジ,9,4,1,0,0,1,1,1,0,0,1,0,0,0
288,指定成分,9,0,0,3,0,2,2,2,0,0,0,0,0,0
289,ＵＶケア,9,5,2,1,1,0,0,0,0,0,0,0,0,0
290,化粧もち,9,7,1,1,0,0,0,0,0,0,0,0,0,0
291,べたつき,9,1,0,1,0,0,3,1,3,0,0,0,0,0
292,併用,9,2,2,0,2,2,1,0,0,0,0,0,0,0
293,UV効果,9,3,1,2,1,0,0,2,0,0,0,0,0,0
294,対応,9,5,2,0,1,1,0,0,0,0,0,0,0,0
295,無油分,9,0,0,5,0,0,2,2,0,0,0,0,0,0
296,細やか,8,3,2,0,0,1,1,1,0,0,0,0,0,0
297,必要,8,0,1,3,1,0,1,1,0,0,1,0,0,0
298,スー,8,1,3,1,0,1,1,1,0,0,0,0,0,0
299,お気に入り,8,3,2,0,1,1,1,0,0,0,0,0,0,0
300,入れ物,8,2,3,0,1,0,0,0,1,1,0,0,0,0
301,リフィル,8,1,0,3,0,1,2,1,0,0,0,0,0,0
302,塗り心地,8,1,3,1,2,0,0,0,0,0,0,0,1,0
303,近所,8,4,0,0,3,0,0,0,0,0,0,1,0,0
304,通信販売,8,0,0,4,0,0,4,0,0,0,0,0,0,0
305,ツキ,8,1,2,0,0,3,1,1,0,0,0,0,0,0
306,素材,8,0,2,1,0,1,3,1,0,0,0,0,0,0
307,クリーム,8,2,4,0,1,0,1,0,0,0,0,0,0,0
308,適当,8,2,2,0,1,1,1,0,1,0,0,0,0,0
309,ニキビ肌,8,1,1,2,0,0,1,2,0,1,0,0,0,0
310,呼吸,8,1,0,1,0,0,3,3,0,0,0,0,0,0
311,素顔,8,1,1,1,1,0,2,2,0,0,0,0,0,0
312,光沢,8,5,1,0,1,1,0,0,0,0,0,0,0,0
313,皮膚,8,2,0,0,0,2,2,2,0,0,0,0,0,0
314,アトピー,8,4,0,1,0,0,1,1,0,0,0,1,0,0
315,しわ,8,3,0,1,1,1,1,1,0,0,0,0,0,0
316,テカ,8,4,2,1,0,1,0,0,0,0,0,0,0,0
317,無添加化粧品,8,0,2,3,1,1,1,0,0,0,0,0,0,0
318,ノンオイル,8,0,1,3,0,0,4,0,0,0,0,0,0,0
319,持ち運び,8,4,2,0,0,0,0,1,0,0,1,0,0,0
320,パウダーファンデーション,8,0,2,1,2,3,0,0,0,0,0,0,0,0
321,コンパクトケース,8,4,3,0,1,0,0,0,0,0,0,0,0,0
322,薄化粧,8,1,4,0,0,2,0,1,0,0,0,0,0,0
323,天然素材,8,0,0,2,0,0,3,3,0,0,0,0,0,0
324,コーセー,8,3,2,0,0,3,0,0,0,0,0,0,0,0
325,両用,8,1,0,1,1,1,2,0,2,0,0,0,0,0
326,有名,8,4,0,0,2,0,0,0,1,0,0,1,0,0
327,パッケージデザイン,8,5,2,0,0,0,0,0,0,0,0,1,0,0
328,敏感,8,2,2,0,1,1,0,1,0,1,0,0,0,0
329,バリエーション,7,1,3,0,1,0,1,0,1,0,0,0,0,0
330,店,7,3,1,0,2,0,1,0,0,0,0,0,0,0
331,毎回,7,3,0,1,1,2,0,0,0,0,0,0,0,0
332,サラ,7,2,2,1,0,2,0,0,0,0,0,0,0,0
333,シリーズ,7,3,1,0,2,0,0,0,0,0,0,1,0,0
334,無臭,7,3,0,0,1,2,0,1,0,0,0,0,0,0
335,部分,7,3,2,0,0,2,0,0,0,0,0,0,0,0
336,利用,7,4,0,2,0,0,0,1,0,0,0,0,0,0
337,全体,7,0,3,0,1,2,0,1,0,0,0,0,0,0
338,すべすべ,7,3,3,0,0,0,0,0,1,0,0,0,0,0
339,店頭,7,2,2,0,0,1,1,0,1,0,0,0,0,0
340,それなり,7,4,1,0,0,1,1,0,0,0,0,0,0,0
341,パウダリー,7,3,4,0,0,0,0,0,0,0,0,0,0,0
342,乳液,7,1,1,1,1,0,1,2,0,0,0,0,0,0
343,試供品,7,4,0,1,1,1,0,0,0,0,0,0,0,0
344,液体,7,2,0,1,2,1,1,0,0,0,0,0,0,0
345,酸化,7,0,0,2,0,0,4,1,0,0,0,0,0,0
346,一切,7,0,1,2,0,1,1,2,0,0,0,0,0,0
347,両用タイプ,7,1,0,1,2,1,0,0,0,0,1,0,0,1
348,体,7,0,0,0,0,0,3,3,1,0,0,0,0,0
349,為,7,0,1,0,2,0,2,1,0,1,0,0,0,0
350,抜群,7,4,2,0,0,1,0,0,0,0,0,0,0,0
351,スティックタイプ,7,3,2,0,0,0,0,1,0,1,0,0,0,0
352,お店,7,3,1,0,1,0,0,0,1,1,0,0,0,0
353,ネット,7,0,0,4,0,0,1,2,0,0,0,0,0,0
354,肌理,7,2,2,0,1,1,0,0,0,0,0,0,1,0
355,カット,6,2,0,1,1,1,0,1,0,0,0,0,0,0
356,厚付き,6,2,0,0,2,0,1,1,0,0,0,0,0,0
357,他の,6,4,0,0,0,1,0,0,0,1,0,0,0,0
358,アレルギー,6,4,2,0,0,0,0,0,0,0,0,0,0,0
359,プッシュ式,6,2,1,1,1,0,0,0,1,0,0,0,0,0
360,パサ,6,2,2,1,1,0,0,0,0,0,0,0,0,0
361,何年,6,2,1,0,2,0,1,0,0,0,0,0,0,0
362,最後,6,3,1,1,0,0,0,1,0,0,0,0,0,0
363,ケースデザイン,6,3,0,0,2,1,0,0,0,0,0,0,0,0
364,せい,6,0,1,3,2,0,0,0,0,0,0,0,0,0
365,脂,6,2,2,2,0,0,0,0,0,0,0,0,0,0
366,不可,6,2,0,1,0,0,0,1,1,0,1,0,0,0
367,処方,6,0,2,1,0,1,0,1,0,1,0,0,0,0
368,非常,6,0,1,4,1,0,0,0,0,0,0,0,0,0
369,仕上げ,6,0,0,3,1,0,0,2,0,0,0,0,0,0
370,お化粧,6,2,1,0,0,1,0,2,0,0,0,0,0,0
371,カネボウ,6,3,0,0,2,0,0,1,0,0,0,0,0,0
372,感覚,6,4,1,0,1,0,0,0,0,0,0,0,0,0
373,色白,6,2,3,0,0,0,1,0,0,0,0,0,0,0
374,スキンケア効果,6,0,0,1,0,1,3,0,1,0,0,0,0,0
375,美容液成分,6,0,0,2,0,2,0,2,0,0,0,0,0,0
376,販売員,6,0,3,0,1,1,1,0,0,0,0,0,0,0
377,仕上がり感,6,1,2,0,1,0,1,0,1,0,0,0,0,0
378,割引,6,4,0,0,1,0,0,1,0,0,0,0,0,0
379,毛穴落ち,6,0,4,0,1,0,0,0,0,0,0,1,0,0
380,ピンク,6,2,0,0,2,0,0,1,0,0,1,0,0,0
381,ナチュラルメイク,6,1,2,0,0,1,1,1,0,0,0,0,0,0
382,動物実験,6,1,1,1,0,2,1,0,0,0,0,0,0,0
383,経済的,6,1,0,1,1,1,0,2,0,0,0,0,0,0
384,お値段,6,4,0,1,1,0,0,0,0,0,0,0,0,0
385,微粒子,6,0,1,2,1,0,1,0,0,1,0,0,0,0
386,前,6,3,0,0,1,1,1,0,0,0,0,0,0,0
387,サイズ,6,4,0,1,0,0,0,1,0,0,0,0,0,0
388,石鹸,6,0,1,2,0,2,0,1,0,0,0,0,0,0
389,ソバカス,6,1,2,1,1,0,0,1,0,0,0,0,0,0
390,ところ肌,6,0,3,1,0,0,1,1,0,0,0,0,0,0
391,使いごこち,6,2,0,1,0,3,0,0,0,0,0,0,0,0
392,インターネット,6,0,0,4,0,0,0,1,1,0,0,0,0,0
393,高品質,6,2,1,1,0,1,1,0,0,0,0,0,0,0
394,塗り,6,4,1,0,0,1,0,0,0,0,0,0,0,0
395,普段,6,1,3,0,0,0,0,0,1,0,0,0,0,1
396,洗顔,6,0,0,0,0,0,1,3,2,0,0,0,0,0
397,トリートメント効果,6,0,2,0,1,2,0,0,1,0,0,0,0,0
398,わけ,6,1,1,0,2,0,1,1,0,0,0,0,0,0
399,可,6,3,0,1,0,0,0,1,0,0,1,0,0,0
400,無難,6,2,1,0,1,2,0,0,0,0,0,0,0,0
401,全て,6,1,1,1,1,0,2,0,0,0,0,0,0,0
402,'｡',5,2,1,1,0,0,1,0,0,0,0,0,0,0
403,保湿性,5,2,2,0,0,0,0,1,0,0,0,0,0,0
404,ツーウェイ,5,1,0,1,0,0,1,2,0,0,0,0,0,0
405,ヨレ,5,2,0,0,1,1,0,0,1,0,0,0,0,0
406,さら,5,2,1,0,0,1,0,1,0,0,0,0,0,0
407,化粧ノリ,5,2,2,0,0,1,0,0,0,0,0,0,0,0
408,色むら,5,2,1,1,1,0,0,0,0,0,0,0,0,0
409,無香,5,0,0,0,1,0,1,2,1,0,0,0,0,0
410,余分,5,0,2,0,0,0,2,1,0,0,0,0,0,0
411,'ＳＰＦ',5,2,0,0,0,2,1,0,0,0,0,0,0,0
412,変,5,0,2,0,0,1,0,1,0,0,1,0,0,0
413,ー,5,3,1,0,1,0,0,0,0,0,0,0,0,0
414,年齢,5,2,1,0,2,0,0,0,0,0,0,0,0,0
415,コストパフォーマンス,5,2,1,1,0,0,0,0,1,0,0,0,0,0
416,格安,5,3,0,1,1,0,0,0,0,0,0,0,0,0
417,界面活性剤,5,0,0,0,0,2,0,2,1,0,0,0,0,0
418,無鉱物油,5,0,1,0,1,0,1,2,0,0,0,0,0,0
419,均一,5,1,0,1,0,0,1,2,0,0,0,0,0,0
420,小じわ,5,3,1,1,0,0,0,0,0,0,0,0,0,0
421,セット,5,2,1,0,0,0,2,0,0,0,0,0,0,0
422,密着度,5,1,3,0,0,0,0,1,0,0,0,0,0,0
423,価格的,5,1,2,0,1,0,1,0,0,0,0,0,0,0
424,友人,5,1,2,1,1,0,0,0,0,0,0,0,0,0
425,乗り,5,0,1,1,1,1,0,1,0,0,0,0,0,0
426,夕方,5,1,1,1,0,0,2,0,0,0,0,0,0,0
427,無着色,5,1,1,0,0,0,1,1,1,0,0,0,0,0
428,ムース状,5,1,1,0,2,0,0,0,0,1,0,0,0,0
429,すべて,5,0,2,1,0,0,2,0,0,0,0,0,0,0
430,美容液効果,5,1,0,3,0,0,0,1,0,0,0,0,0,0
431,美容液入り,5,0,0,1,0,0,1,2,0,1,0,0,0,0
432,艶,5,1,3,0,1,0,0,0,0,0,0,0,0,0
433,満足,5,1,1,0,0,0,1,1,0,0,0,1,0,0
434,周り,5,0,2,0,2,0,1,0,0,0,0,0,0,0
435,厚塗り感,5,4,0,1,0,0,0,0,0,0,0,0,0,0
436,天然,5,0,0,2,0,0,3,0,0,0,0,0,0,0
437,最適,5,1,1,2,0,0,0,1,0,0,0,0,0,0
438,女優肌,5,0,1,1,0,0,1,0,2,0,0,0,0,0
439,どちら,5,1,0,3,1,0,0,0,0,0,0,0,0,0
440,相性,5,2,0,0,1,1,0,0,0,0,1,0,0,0
441,間,5,2,1,1,0,0,0,1,0,0,0,0,0,0
442,ブランドイメージ,5,2,2,0,0,1,0,0,0,0,0,0,0,0
443,ボトル,5,2,2,0,0,0,0,1,0,0,0,0,0,0
444,タイプ,5,2,1,0,1,0,0,1,0,0,0,0,0,0
445,大人,5,2,2,1,0,0,0,0,0,0,0,0,0,0
446,アトピー肌,5,1,1,0,1,2,0,0,0,0,0,0,0,0
447,びがいいところ,5,1,0,0,0,1,2,1,0,0,0,0,0,0
448,カーバー力,5,1,1,0,0,0,1,2,0,0,0,0,0,0
449,モノ,5,3,0,1,0,1,0,0,0,0,0,0,0,0
450,お手軽,5,2,1,0,0,0,2,0,0,0,0,0,0,0
451,健康的,5,1,2,0,2,0,0,0,0,0,0,0,0,0
452,印象,5,1,2,1,0,0,0,0,1,0,0,0,0,0
453,短時間,5,1,1,0,1,0,0,0,1,0,0,0,0,1
454,生協,5,0,0,0,0,0,1,3,0,0,0,1,0,0
455,'ＵＶ',5,3,0,0,2,0,0,0,0,0,0,0,0,0
456,粉浮き,5,2,2,0,0,0,1,0,0,0,0,0,0,0
457,顔全体,5,1,2,0,0,2,0,0,0,0,0,0,0,0
458,服,5,3,0,0,1,0,0,0,1,0,0,0,0,0
459,水ファンデーション,5,0,0,1,0,1,1,2,0,0,0,0,0,0
460,かん,5,3,1,1,0,0,0,0,0,0,0,0,0,0
461,宣伝,5,2,1,0,2,0,0,0,0,0,0,0,0,0
462,矢田亜希子,4,1,1,0,2,0,0,0,0,0,0,0,0,0
463,薄付け,4,0,2,0,0,0,1,1,0,0,0,0,0,0
464,回数,4,0,2,0,0,0,1,0,0,1,0,0,0,0
465,お手軽価格,4,1,1,0,1,0,1,0,0,0,0,0,0,0
466,新商品,4,3,0,0,0,1,0,0,0,0,0,0,0,0
467,リキッドファンデ,4,1,2,0,0,1,0,0,0,0,0,0,0,0
468,肌付き,4,1,1,1,1,0,0,0,0,0,0,0,0,0
469,期待,4,0,0,0,0,1,2,0,1,0,0,0,0,0
470,しみそばかす,4,1,1,1,1,0,0,0,0,0,0,0,0,0
471,口コミ,4,1,2,0,1,0,0,0,0,0,0,0,0,0
472,毛穴カバー,4,3,0,0,1,0,0,0,0,0,0,0,0,0
473,ｶﾊﾞｰ力,4,2,1,0,0,1,0,0,0,0,0,0,0,0
474,調節,4,0,1,0,0,0,1,2,0,0,0,0,0,0
475,スティック,4,3,1,0,0,0,0,0,0,0,0,0,0,0
476,サッパリ,4,3,0,0,0,0,0,1,0,0,0,0,0,0
477,吸収,4,0,2,0,0,1,0,1,0,0,0,0,0,0
478,パウダーファンデ,4,1,0,1,0,2,0,0,0,0,0,0,0,0
479,カサカサ,4,1,2,1,0,0,0,0,0,0,0,0,0,0
480,日焼け防止,4,2,0,0,1,0,1,0,0,0,0,0,0,0
481,何処,4,4,0,0,0,0,0,0,0,0,0,0,0,0
482,きめ細か,4,0,0,2,0,0,1,1,0,0,0,0,0,0
483,凹凸,4,0,1,0,0,3,0,0,0,0,0,0,0,0
484,日,4,0,0,0,1,1,1,1,0,0,0,0,0,0
485,てごろ,4,2,0,0,0,0,2,0,0,0,0,0,0,0
486,水性,4,0,0,0,0,0,2,2,0,0,0,0,0,0
487,ファンケル,4,0,1,2,1,0,0,0,0,0,0,0,0,0
488,ケア,4,1,2,0,0,0,0,0,1,0,0,0,0,0
489,ところ｡,4,0,0,0,0,3,1,0,0,0,0,0,0,0
490,比較,4,1,0,1,1,1,0,0,0,0,0,0,0,0
491,美容成分,4,0,0,1,0,2,1,0,0,0,0,0,0,0
492,かゆみ,4,1,2,0,0,1,0,0,0,0,0,0,0,0
493,化粧品独特,4,1,2,0,0,0,0,1,0,0,0,0,0,0
494,化粧落ち,4,2,1,0,0,1,0,0,0,0,0,0,0,0
495,調整,4,0,0,1,0,0,1,1,1,0,0,0,0,0
496,コスパ,4,2,1,1,0,0,0,0,0,0,0,0,0,0
497,石油系,4,0,0,0,0,1,1,2,0,0,0,0,0,0
498,'OK',4,1,1,1,0,0,0,1,0,0,0,0,0,0
499,頬ずり,4,3,0,0,0,0,0,1,0,0,0,0,0,0
500,ツヤ肌,4,1,1,0,0,0,1,0,1,0,0,0,0,0
501,子供,4,2,0,0,0,0,2,0,0,0,0,0,0,0
502,つや感,4,2,2,0,0,0,0,0,0,0,0,0,0,0
503,自然体,4,0,1,1,1,0,0,1,0,0,0,0,0,0
504,一回,4,1,2,0,0,1,0,0,0,0,0,0,0,0
505,ここ,4,1,2,1,0,0,0,0,0,0,0,0,0,0
506,薄塗り,4,0,1,1,0,0,1,0,1,0,0,0,0,0
507,値ごろ感,4,0,0,0,1,0,0,0,1,1,0,0,0,1
508,付,4,0,1,0,0,1,0,0,2,0,0,0,0,0
509,一日,4,1,1,1,0,0,1,0,0,0,0,0,0,0
510,頻繁,4,1,1,1,0,0,0,1,0,0,0,0,0,0
511,親切,4,0,3,0,1,0,0,0,0,0,0,0,0,0
512,自然素材,4,0,0,0,0,1,2,1,0,0,0,0,0,0
513,感想,4,2,2,0,0,0,0,0,0,0,0,0,0,0
514,化粧乗り,4,2,1,0,0,1,0,0,0,0,0,0,0,0
515,ところ色,4,1,1,0,0,0,1,0,1,0,0,0,0,0
516,不要,4,0,0,0,0,2,0,2,0,0,0,0,0,0
517,ベース,4,1,1,0,1,0,0,1,0,0,0,0,0,0
518,雰囲気,4,1,3,0,0,0,0,0,0,0,0,0,0,0
519,反射,4,0,1,1,1,1,0,0,0,0,0,0,0,0
520,的,4,0,2,0,0,1,0,1,0,0,0,0,0,0
521,鉱物油,4,0,0,0,0,1,2,1,0,0,0,0,0,0
522,脂性,4,2,0,1,1,0,0,0,0,0,0,0,0,0
523,ブランド自体,4,2,1,0,0,1,0,0,0,0,0,0,0,0
524,水溶性,4,0,0,1,0,1,1,1,0,0,0,0,0,0
525,崩れ,4,0,1,0,1,2,0,0,0,0,0,0,0,0
526,嫌,4,2,2,0,0,0,0,0,0,0,0,0,0,0
527,会社,4,0,1,1,1,0,1,0,0,0,0,0,0,0
528,余計,4,0,1,2,0,0,0,1,0,0,0,0,0,0
529,キャンペーン,4,0,0,2,0,0,2,0,0,0,0,0,0,0
530,立体的,4,1,0,1,1,0,0,0,1,0,0,0,0,0
531,つや肌,4,1,1,0,0,0,0,0,0,1,1,0,0,0
532,大変,4,0,0,0,4,0,0,0,0,0,0,0,0,0
533,毎日,4,1,0,0,1,1,0,0,0,0,0,0,0,1
534,１番,4,4,0,0,0,0,0,0,0,0,0,0,0,0
535,ポーチ,4,2,1,0,1,0,0,0,0,0,0,0,0,0
536,好み,4,2,1,1,0,0,0,0,0,0,0,0,0,0
537,注文,4,0,0,2,0,0,1,1,0,0,0,0,0,0
538,立体感,4,3,1,0,0,0,0,0,0,0,0,0,0,0
539,マッチ,4,1,2,0,0,1,0,0,0,0,0,0,0,0
540,化粧浮き,4,2,0,0,0,0,0,0,2,0,0,0,0,0
541,入手,4,0,1,1,2,0,0,0,0,0,0,0,0,0
542,気分,4,0,1,0,1,1,0,1,0,0,0,0,0,0
543,唯一,4,1,1,1,0,0,0,0,1,0,0,0,0,0
544,最近,4,1,0,0,1,0,1,0,1,0,0,0,0,0
545,ニオイ,3,0,1,1,0,0,0,1,0,0,0,0,0,0
546,ＳＰＦ値,3,2,1,0,0,0,0,0,0,0,0,0,0,0
547,内容,3,0,0,1,0,0,1,1,0,0,0,0,0,0
548,日本人,3,1,1,0,0,1,0,0,0,0,0,0,0,0
549,肌あれ,3,1,1,0,1,0,0,0,0,0,0,0,0,0
550,'SPF',3,0,2,0,0,0,0,1,0,0,0,0,0,0
551,クレンジング,3,1,0,0,0,0,1,1,0,0,0,0,0,0
552,アラ,3,0,0,0,1,0,0,0,1,1,0,0,0,0
553,安売り,3,2,0,0,0,0,1,0,0,0,0,0,0,0
554,くま,3,0,2,0,0,0,1,0,0,0,0,0,0,0
555,水化粧,3,0,0,0,0,1,1,1,0,0,0,0,0,0
556,皮膚科,3,1,0,0,0,0,0,2,0,0,0,0,0,0
557,ところカバー力,3,1,2,0,0,0,0,0,0,0,0,0,0,0
558,今回,3,1,0,0,1,1,0,0,0,0,0,0,0,0
559,嫌い,3,1,1,0,0,0,1,0,0,0,0,0,0,0
560,スル,3,1,0,1,0,1,0,0,0,0,0,0,0,0
561,知名度,3,3,0,0,0,0,0,0,0,0,0,0,0,0
562,吹き出物,3,1,0,0,0,1,0,1,0,0,0,0,0,0
563,色見,3,2,0,0,0,1,0,0,0,0,0,0,0,0
564,微粒子パウダー,3,1,0,1,0,0,1,0,0,0,0,0,0,0
565,皮脂浮き,3,0,0,0,0,0,2,1,0,0,0,0,0,0
566,詰め替え,3,0,0,2,1,0,0,0,0,0,0,0,0,0
567,オイル,3,0,0,0,0,1,1,1,0,0,0,0,0,0
568,安め,3,1,1,0,0,1,0,0,0,0,0,0,0,0
569,店員,3,0,3,0,0,0,0,0,0,0,0,0,0,0
570,母,3,1,0,0,0,1,0,1,0,0,0,0,0,0
571,保存料,3,0,0,0,0,0,1,1,1,0,0,0,0,0
572,殆ど,3,0,0,1,0,0,0,1,0,1,0,0,0,0
573,発売,3,2,0,0,0,0,1,0,0,0,0,0,0,0
574,身体,3,0,0,0,1,0,0,2,0,0,0,0,0,0
575,美白成分,3,1,2,0,0,0,0,0,0,0,0,0,0,0
576,平気,3,0,1,2,0,0,0,0,0,0,0,0,0,0
577,季節ごと,3,1,0,0,2,0,0,0,0,0,0,0,0,0
578,様,3,0,1,0,2,0,0,0,0,0,0,0,0,0
579,最初,3,1,2,0,0,0,0,0,0,0,0,0,0,0
580,フイット,3,1,0,0,2,0,0,0,0,0,0,0,0,0
581,頬,3,0,1,0,0,2,0,0,0,0,0,0,0,0
582,あまり,3,1,0,0,1,0,1,0,0,0,0,0,0,0
583,艶肌,3,1,0,0,0,0,0,1,0,0,1,0,0,0
584,タレント,3,2,1,0,0,0,0,0,0,0,0,0,0,0
585,ブルー,3,1,0,0,2,0,0,0,0,0,0,0,0,0
586,企業,3,3,0,0,0,0,0,0,0,0,0,0,0,0
587,下地クリーム,3,1,0,0,0,1,0,0,1,0,0,0,0,0
588,クリニーク,3,0,2,0,0,0,0,1,0,0,0,0,0,0
589,携帯,3,2,0,0,0,0,0,0,0,1,0,0,0,0
590,年間,3,1,1,0,0,0,1,0,0,0,0,0,0,0
591,'♪',3,1,1,1,0,0,0,0,0,0,0,0,0,0
592,面倒,3,1,2,0,0,0,0,0,0,0,0,0,0,0
593,びがいい,3,0,1,2,0,0,0,0,0,0,0,0,0,0
594,他社,3,0,0,1,1,0,0,1,0,0,0,0,0,0
595,ホワイトニング効果,3,0,1,1,0,1,0,0,0,0,0,0,0,0
596,ゴージャス,3,1,0,1,0,1,0,0,0,0,0,0,0,0
597,ほか,3,0,0,1,0,2,0,0,0,0,0,0,0,0
598,塗りむら,3,2,1,0,0,0,0,0,0,0,0,0,0,0
599,表情,3,1,1,0,1,0,0,0,0,0,0,0,0,0
600,肌馴染み,3,1,0,0,1,0,0,0,0,0,0,0,0,1
601,目,3,1,0,0,1,0,0,0,0,1,0,0,0,0
602,圧塗り,3,1,1,0,0,0,1,0,0,0,0,0,0,0
603,ドラックストア,3,3,0,0,0,0,0,0,0,0,0,0,0,0
604,らい,3,2,0,0,0,1,0,0,0,0,0,0,0,0
605,有害物質,3,0,0,1,0,1,1,0,0,0,0,0,0,0
606,可能,3,0,2,0,0,0,0,1,0,0,0,0,0,0
607,失敗,3,2,0,0,1,0,0,0,0,0,0,0,0,0
608,上品,3,0,2,0,1,0,0,0,0,0,0,0,0,0
609,ブランド名,3,0,0,0,1,1,0,0,0,0,0,0,1,0
610,一度,3,0,0,0,0,0,2,0,1,0,0,0,0,0
611,固形,3,3,0,0,0,0,0,0,0,0,0,0,0,0
612,特別,3,2,0,0,0,1,0,0,0,0,0,0,0,0
613,カサ,3,2,1,0,0,0,0,0,0,0,0,0,0,0
614,信用,3,0,1,0,0,1,0,0,0,0,0,1,0,0
615,ほお,3,3,0,0,0,0,0,0,0,0,0,0,0,0
616,薄好き,3,0,2,0,0,1,0,0,0,0,0,0,0,0
617,マット感,3,0,1,1,1,0,0,0,0,0,0,0,0,0
618,マックスファクター,3,2,0,0,0,1,0,0,0,0,0,0,0,0
619,中身,3,2,0,0,0,1,0,0,0,0,0,0,0,0
620,地肌,3,2,1,0,0,0,0,0,0,0,0,0,0,0
621,ゾーン用,3,0,0,0,0,1,0,2,0,0,0,0,0,0
622,得,3,2,0,0,1,0,0,0,0,0,0,0,0,0
623,結果,3,1,0,1,0,0,1,0,0,0,0,0,0,0
624,持ち,3,1,0,1,0,0,0,0,1,0,0,0,0,0
625,肌そのもの,3,0,2,0,0,0,1,0,0,0,0,0,0,0
626,紫外線防止効果,3,0,1,0,0,0,1,0,1,0,0,0,0,0
627,有名ブランド,3,2,0,0,1,0,0,0,0,0,0,0,0,0
628,バランス,3,0,1,0,0,1,1,0,0,0,0,0,0,0
629,際,3,1,0,0,0,0,1,1,0,0,0,0,0,0
630,身近,3,1,0,0,1,0,0,0,0,0,0,0,0,1
631,女優さん,3,2,1,0,0,0,0,0,0,0,0,0,0,0
632,ピタ,3,1,1,0,0,0,0,1,0,0,0,0,0,0
633,コラーゲン,3,0,1,0,0,0,2,0,0,0,0,0,0,0
634,付け,3,1,0,1,0,0,1,0,0,0,0,0,0,0
635,リキット,3,1,1,0,1,0,0,0,0,0,0,0,0,0
636,オールシーズン使用,3,0,0,1,1,1,0,0,0,0,0,0,0,0
637,パラベン,3,1,0,0,0,1,0,1,0,0,0,0,0,0
638,お化粧直し,3,0,2,0,0,0,1,0,0,0,0,0,0,0
639,ライン,3,0,0,1,1,0,1,0,0,0,0,0,0,0
640,勧め,3,2,0,0,0,1,0,0,0,0,0,0,0,0
641,魅力,3,1,0,0,1,0,0,1,0,0,0,0,0,0
642,エマルジョンタイプ,3,1,1,0,1,0,0,0,0,0,0,0,0,0
643,天然由来,3,0,0,0,0,0,1,2,0,0,0,0,0,0
644,ごちがい,3,2,0,0,1,0,0,0,0,0,0,0,0,0
645,ソフィーナ,3,1,1,0,1,0,0,0,0,0,0,0,0,0
646,レイシャス,3,2,1,0,0,0,0,0,0,0,0,0,0,0
647,知人,3,2,0,0,0,0,0,1,0,0,0,0,0,0
648,１年中,3,1,0,0,0,0,1,1,0,0,0,0,0,0
649,扱い,3,1,0,1,0,0,0,1,0,0,0,0,0,0
650,専用,3,0,1,1,0,0,0,0,0,0,1,0,0,0
651,使い分け,3,0,0,0,1,0,1,1,0,0,0,0,0,0
652,自由,3,0,1,1,0,0,1,0,0,0,0,0,0,0
653,朝,3,1,2,0,0,0,0,0,0,0,0,0,0,0
654,nasi,3,0,2,1,0,0,0,0,0,0,0,0,0,0
655,ため肌,3,0,0,1,0,0,1,1,0,0,0,0,0,0
656,1番,3,2,0,0,1,0,0,0,0,0,0,0,0,0
657,ほう,3,0,1,1,0,0,1,0,0,0,0,0,0,0
658,おしろい,3,0,0,0,0,0,2,1,0,0,0,0,0,0
659,デリケート,3,0,0,0,1,0,1,0,0,1,0,0,0,0
660,強力,3,1,0,2,0,0,0,0,0,0,0,0,0,0
661,十分,3,0,0,0,1,0,1,0,0,0,1,0,0,0
662,充実,3,2,1,0,0,0,0,0,0,0,0,0,0,0
663,テクスチャー,3,1,2,0,0,0,0,0,0,0,0,0,0,0
664,オールシーズンタイプ,3,2,0,0,0,1,0,0,0,0,0,0,0,0
665,原材料,3,0,2,0,0,0,1,0,0,0,0,0,0,0
666,タッチ,3,1,1,0,0,0,0,1,0,0,0,0,0,0
667,まとめ買い,3,0,0,1,0,0,0,2,0,0,0,0,0,0
668,ぜん,3,1,0,0,0,1,1,0,0,0,0,0,0,0
669,別,3,1,1,0,1,0,0,0,0,0,0,0,0,0
670,オークル,3,1,1,0,1,0,0,0,0,0,0,0,0,0
671,冬用,3,1,0,1,0,0,0,1,0,0,0,0,0,0
672,ところ自分,3,1,0,0,1,0,1,0,0,0,0,0,0,0
673,年中,3,1,0,0,1,1,0,0,0,0,0,0,0,0
674,旅行,3,2,1,0,0,0,0,0,0,0,0,0,0,0
675,写真,3,0,1,1,1,0,0,0,0,0,0,0,0,0
676,お得,3,0,0,0,0,0,1,0,2,0,0,0,0,0
677,まま,3,1,0,0,0,1,1,0,0,0,0,0,0,0
678,シャネル,3,1,1,0,0,1,0,0,0,0,0,0,0,0
679,水分,3,1,1,0,0,0,1,0,0,0,0,0,0,0
680,調合,3,0,1,0,0,0,1,1,0,0,0,0,0,0
681,一年,3,2,1,0,0,0,0,0,0,0,0,0,0,0
682,販売,3,1,0,0,0,0,0,2,0,0,0,0,0,0
683,邪魔,2,0,0,0,1,0,0,0,0,0,1,0,0,0
684,使用可能,2,0,1,1,0,0,0,0,0,0,0,0,0,0
685,コマーシャル,2,1,0,0,1,0,0,0,0,0,0,0,0,0
686,手近,2,1,0,0,0,0,0,1,0,0,0,0,0,0
687,づれない,2,0,1,0,1,0,0,0,0,0,0,0,0,0
688,UVカット仕様,2,0,1,0,0,0,1,0,0,0,0,0,0,0
689,乾燥ぎみ,2,2,0,0,0,0,0,0,0,0,0,0,0,0
690,抵抗,2,0,0,1,0,0,0,1,0,0,0,0,0,0
691,パラベンフリー,2,0,1,1,0,0,0,0,0,0,0,0,0,0
692,美容液配合,2,1,0,1,0,0,0,0,0,0,0,0,0,0
693,サラット,2,1,0,0,0,1,0,0,0,0,0,0,0,0
694,独特,2,1,0,1,0,0,0,0,0,0,0,0,0,0
695,花王,2,1,1,0,0,0,0,0,0,0,0,0,0,0
696,ビン,2,1,0,0,0,1,0,0,0,0,0,0,0,0
697,午後,2,0,2,0,0,0,0,0,0,0,0,0,0,0
698,CMキャラクター,2,1,1,0,0,0,0,0,0,0,0,0,0,0
699,一目,2,2,0,0,0,0,0,0,0,0,0,0,0,0
700,プレゼント,2,0,0,1,0,0,0,1,0,0,0,0,0,0
701,重ね塗り,2,0,0,1,0,1,0,0,0,0,0,0,0,0
702,防止,2,0,0,0,0,1,0,0,1,0,0,0,0,0
703,陶器,2,0,1,0,1,0,0,0,0,0,0,0,0,0
704,カンジ,2,1,1,0,0,0,0,0,0,0,0,0,0,0
705,にきび肌,2,0,1,0,0,1,0,0,0,0,0,0,0,0
706,崩れ方,2,1,1,0,0,0,0,0,0,0,0,0,0,0
707,UVケア,2,0,1,0,0,0,0,1,0,0,0,0,0,0
708,パラペン,2,0,0,1,0,0,1,0,0,0,0,0,0,0
709,何,2,0,0,0,1,0,1,0,0,0,0,0,0,0
710,ら,2,1,0,0,0,0,0,1,0,0,0,0,0,0
711,香,2,1,0,0,0,1,0,0,0,0,0,0,0,0
712,だま,2,0,0,0,2,0,0,0,0,0,0,0,0,0
713,同じ,2,1,1,0,0,0,0,0,0,0,0,0,0,0
714,粉粉,2,1,1,0,0,0,0,0,0,0,0,0,0,0
715,１年,2,1,0,0,0,1,0,0,0,0,0,0,0,0
716,いや,2,0,0,1,0,1,0,0,0,0,0,0,0,0
717,味方,2,1,0,1,0,0,0,0,0,0,0,0,0,0
718,洗顔料,2,0,0,0,0,0,2,0,0,0,0,0,0,0
719,モチ,2,1,1,0,0,0,0,0,0,0,0,0,0,0
720,ナチュナル,2,0,1,0,0,1,0,0,0,0,0,0,0,0
721,色移り,2,1,0,1,0,0,0,0,0,0,0,0,0,0
722,リキットタイプ,2,1,1,0,0,0,0,0,0,0,0,0,0,0
723,重宝,2,1,0,0,1,0,0,0,0,0,0,0,0,0
724,クリームファンデ,2,2,0,0,0,0,0,0,0,0,0,0,0,0
725,ほのか,2,0,2,0,0,0,0,0,0,0,0,0,0,0
726,ナチュラルメーク,2,1,0,1,0,0,0,0,0,0,0,0,0,0
727,愛着,2,0,1,0,0,1,0,0,0,0,0,0,0,0
728,ＵＶカット機能,2,0,1,0,0,0,1,0,0,0,0,0,0,0
729,次,2,0,1,0,0,0,0,0,1,0,0,0,0,0
730,ダマ,2,0,1,0,0,0,0,0,0,0,0,0,1,0
731,ウオータータイプ,2,0,0,0,0,0,1,0,0,1,0,0,0,0
732,無機顔料,2,0,0,1,0,0,1,0,0,0,0,0,0,0
733,冬場,2,0,0,0,0,1,0,1,0,0,0,0,0,0
734,つぶ,2,0,0,0,1,1,0,0,0,0,0,0,0,0
735,色め,2,0,0,0,0,1,0,1,0,0,0,0,0,0
736,にきび跡,2,0,1,0,1,0,0,0,0,0,0,0,0,0
737,テカラ,2,1,1,0,0,0,0,0,0,0,0,0,0,0
738,密着感,2,1,0,0,0,0,1,0,0,0,0,0,0,0
739,控え目,2,0,1,1,0,0,0,0,0,0,0,0,0,0
740,第一,2,0,2,0,0,0,0,0,0,0,0,0,0,0
741,大,2,0,0,1,0,0,0,1,0,0,0,0,0,0
742,'DHC',2,0,0,2,0,0,0,0,0,0,0,0,0,0
743,感想肌,2,1,0,0,0,1,0,0,0,0,0,0,0,0
744,送料無料,2,0,0,1,0,0,1,0,0,0,0,0,0,0
745,コレ,2,1,0,0,1,0,0,0,0,0,0,0,0,0
746,様々,2,0,1,0,0,0,0,1,0,0,0,0,0,0
747,吸着,2,0,0,0,0,1,0,1,0,0,0,0,0,0
748,'(',2,1,1,0,0,0,0,0,0,0,0,0,0,0
749,スッ,2,2,0,0,0,0,0,0,0,0,0,0,0,0
750,形状,2,0,1,1,0,0,0,0,0,0,0,0,0,0
751,耐水性,2,1,0,1,0,0,0,0,0,0,0,0,0,0
752,日常,2,0,0,0,0,0,1,0,0,0,0,0,1,0
753,ヒアルロン酸,2,0,1,0,0,0,1,0,0,0,0,0,0,0
754,化粧下地,2,1,0,0,0,0,1,0,0,0,0,0,0,0
755,一塗り,2,1,0,1,0,0,0,0,0,0,0,0,0,0
756,納得,2,0,0,1,0,0,0,0,0,0,0,0,0,1
757,気楽,2,0,2,0,0,0,0,0,0,0,0,0,0,0
758,その他,2,1,0,0,0,1,0,0,0,0,0,0,0,0
759,粗,2,0,0,1,0,0,0,0,1,0,0,0,0,0
760,凸凹,2,2,0,0,0,0,0,0,0,0,0,0,0,0
761,シッカリ,2,0,1,0,0,1,0,0,0,0,0,0,0,0
762,付き心地,2,1,0,1,0,0,0,0,0,0,0,0,0,0
763,メーク,2,0,0,0,1,0,0,0,0,1,0,0,0,0
764,ゴテゴテ,2,0,1,0,0,0,0,0,0,1,0,0,0,0
765,別売り,2,0,0,0,0,0,1,1,0,0,0,0,0,0
766,プレスドパウダー,2,0,0,1,0,0,1,0,0,0,0,0,0,0
767,液,2,0,0,1,0,0,0,1,0,0,0,0,0,0
768,'ＯＫ',2,0,1,0,1,0,0,0,0,0,0,0,0,0
769,ニキビ跡,2,0,0,0,0,1,0,1,0,0,0,0,0,0
770,小分け,2,1,0,0,1,0,0,0,0,0,0,0,0,0
771,自然感,2,1,0,0,0,0,1,0,0,0,0,0,0,0
772,魅力的,2,1,0,1,0,0,0,0,0,0,0,0,0,0
773,工夫,2,0,0,0,0,0,1,1,0,0,0,0,0,0
774,リキッドみたい,2,0,1,0,0,0,0,1,0,0,0,0,0,0
775,外箱,2,0,2,0,0,0,0,0,0,0,0,0,0,0
776,満足感,2,0,2,0,0,0,0,0,0,0,0,0,0,0
777,スポーツ,2,2,0,0,0,0,0,0,0,0,0,0,0,0
778,脂性肌,2,1,0,0,0,0,1,0,0,0,0,0,0,0
779,ころ,2,1,0,0,1,0,0,0,0,0,0,0,0,0
780,天然成分100％,2,0,0,0,0,0,2,0,0,0,0,0,0,0
781,開発,2,0,1,0,0,1,0,0,0,0,0,0,0,0
782,シルク,2,0,0,2,0,0,0,0,0,0,0,0,0,0
783,表示,2,1,0,1,0,0,0,0,0,0,0,0,0,0
784,伸び肌,2,1,0,0,0,1,0,0,0,0,0,0,0,0
785,艶感,2,0,2,0,0,0,0,0,0,0,0,0,0,0
786,スティックファンデーション,2,0,1,0,0,0,0,1,0,0,0,0,0,0
787,UV対策,2,0,0,1,0,0,1,0,0,0,0,0,0,0
788,つきの,2,0,1,0,0,1,0,0,0,0,0,0,0,0
789,奇麗,2,1,0,0,0,0,0,1,0,0,0,0,0,0
790,クリームファンデーション,2,0,1,0,0,0,0,0,0,1,0,0,0,0
791,ＵＶカット力,2,0,0,0,0,1,1,0,0,0,0,0,0,0
792,美容効果,2,0,1,0,0,0,0,0,1,0,0,0,0,0
793,防腐剤等,2,1,0,1,0,0,0,0,0,0,0,0,0,0
794,お値打ち,2,1,0,0,0,0,1,0,0,0,0,0,0,0
795,ファンデーション特有,2,1,0,0,0,1,0,0,0,0,0,0,0,0
796,持続性,2,0,0,0,0,0,0,1,1,0,0,0,0,0
797,'１つ',2,0,0,0,0,1,0,1,0,0,0,0,0,0
798,秋冬用,2,2,0,0,0,0,0,0,0,0,0,0,0,0
799,そこそこ,2,1,0,0,0,0,1,0,0,0,0,0,0,0
800,内面,2,0,0,0,0,1,0,1,0,0,0,0,0,0
801,丁度,2,2,0,0,0,0,0,0,0,0,0,0,0,0
802,イメージキャラクター,2,1,0,0,0,0,1,0,0,0,0,0,0,0
803,手ごろ肌,2,0,0,1,0,0,1,0,0,0,0,0,0,0
804,せっけん,2,0,0,1,0,0,1,0,0,0,0,0,0,0
805,マッド,2,1,0,0,0,1,0,0,0,0,0,0,0,0
806,セール,2,1,0,0,0,0,1,0,0,0,0,0,0,0
807,新製品,2,2,0,0,0,0,0,0,0,0,0,0,0,0
808,アレルギー肌,2,0,1,0,0,0,0,0,1,0,0,0,0,0
809,自分好み,2,1,0,0,0,1,0,0,0,0,0,0,0,0
810,多め,2,0,1,0,0,0,1,0,0,0,0,0,0,0
811,矢田亜希子ちゃん,2,2,0,0,0,0,0,0,0,0,0,0,0,0
812,量販店,2,0,0,0,2,0,0,0,0,0,0,0,0,0
813,がち,2,0,1,1,0,0,0,0,0,0,0,0,0,0
814,植物,2,0,0,1,0,0,0,0,1,0,0,0,0,0
815,大好き,2,0,2,0,0,0,0,0,0,0,0,0,0,0
816,手触り,2,1,0,0,0,0,1,0,0,0,0,0,0,0
817,シーズンごと,2,1,0,0,0,1,0,0,0,0,0,0,0,0
818,クレンジング不要,2,0,0,1,0,0,0,0,1,0,0,0,0,0
819,鉱物,2,0,0,0,0,1,0,1,0,0,0,0,0,0
820,べた,2,0,0,1,0,1,0,0,0,0,0,0,0,0
821,理由,2,1,0,0,0,1,0,0,0,0,0,0,0,0
822,オールシーズン対応,2,1,1,0,0,0,0,0,0,0,0,0,0,0
823,均等,2,1,0,0,0,1,0,0,0,0,0,0,0,0
824,ゴージャス感,2,1,1,0,0,0,0,0,0,0,0,0,0,0
825,色選び,2,0,2,0,0,0,0,0,0,0,0,0,0,0
826,透明,2,0,0,0,1,0,0,0,1,0,0,0,0,0
827,天然１００％,2,0,0,0,0,0,2,0,0,0,0,0,0,0
828,自体,2,0,1,0,0,1,0,0,0,0,0,0,0,0
829,容量,2,0,1,0,0,0,0,0,0,1,0,0,0,0
830,アルソア,2,0,0,0,0,1,0,1,0,0,0,0,0,0
831,テクニック,2,1,0,0,0,0,0,1,0,0,0,0,0,0
832,みんな,2,1,1,0,0,0,0,0,0,0,0,0,0,0
833,交換,2,0,0,1,0,0,1,0,0,0,0,0,0,0
834,いくつ,2,0,0,0,0,1,1,0,0,0,0,0,0,0
835,木目,2,0,1,0,0,1,0,0,0,0,0,0,0,0
836,コンセプト,2,1,0,0,0,0,0,0,1,0,0,0,0,0
837,華やか,2,0,1,0,1,0,0,0,0,0,0,0,0,0
838,触り心地,2,1,1,0,0,0,0,0,0,0,0,0,0,0
839,ムースタイプ,2,2,0,0,0,0,0,0,0,0,0,0,0,0
840,色落ち,2,0,1,0,0,1,0,0,0,0,0,0,0,0
841,矢田亜希子さん,2,1,1,0,0,0,0,0,0,0,0,0,0,0
842,分量,2,1,0,0,0,0,1,0,0,0,0,0,0,0
843,変身,2,1,0,0,0,0,0,0,1,0,0,0,0,0
844,花,2,0,2,0,0,0,0,0,0,0,0,0,0,0
845,最高,2,0,0,0,0,0,0,2,0,0,0,0,0,0
846,ツケ心地,2,1,1,0,0,0,0,0,0,0,0,0,0,0
847,きが,2,1,1,0,0,0,0,0,0,0,0,0,0,0
848,水無し,2,0,0,0,1,0,0,0,0,0,0,0,0,1
849,きっかけ,2,2,0,0,0,0,0,0,0,0,0,0,0,0
850,たま,2,0,1,1,0,0,0,0,0,0,0,0,0,0
851,新鮮,2,1,0,0,1,0,0,0,0,0,0,0,0,0
852,め,2,0,0,0,0,0,1,1,0,0,0,0,0,0
853,一日中,2,0,0,1,0,0,0,0,1,0,0,0,0,0
854,決め,2,0,0,0,0,0,2,0,0,0,0,0,0,0
855,一つ,2,0,0,1,0,0,0,1,0,0,0,0,0,0
856,キャッチコピー,2,0,0,0,0,0,0,2,0,0,0,0,0,0
857,販売店,2,1,0,0,0,1,0,0,0,0,0,0,0,0
858,シットリ感,2,2,0,0,0,0,0,0,0,0,0,0,0,0
859,ブラシ,2,0,0,1,0,0,0,1,0,0,0,0,0,0
860,現在,2,0,1,0,0,0,0,1,0,0,0,0,0,0
861,知り合い,2,0,0,1,0,0,0,1,0,0,0,0,0,0
862,ファンデーション自体,2,1,0,0,0,0,0,1,0,0,0,0,0,0
863,血色,2,0,0,0,0,1,0,1,0,0,0,0,0,0
864,つけたて,2,0,0,0,0,0,0,1,1,0,0,0,0,0
865,微妙,2,1,0,1,0,0,0,0,0,0,0,0,0,0
866,真夏,2,1,0,0,0,0,0,1,0,0,0,0,0,0
867,手ごろ価格,2,0,0,0,1,0,0,0,0,0,1,0,0,0
868,陶器肌,2,0,1,0,0,1,0,0,0,0,0,0,0,0
869,試し,2,1,0,0,0,0,1,0,0,0,0,0,0,0
870,お金,2,0,0,0,1,0,0,1,0,0,0,0,0,0
871,どれ,2,0,1,0,1,0,0,0,0,0,0,0,0,0
872,スキ,2,0,1,1,0,0,0,0,0,0,0,0,0,0
873,脂浮き,2,1,1,0,0,0,0,0,0,0,0,0,0,0
874,感じ肌,2,1,1,0,0,0,0,0,0,0,0,0,0,0
875,日焼け対策,2,0,0,0,0,0,1,0,1,0,0,0,0,0
876,スティック状,2,1,0,0,0,1,0,0,0,0,0,0,0,0
877,紫外線防止,2,2,0,0,0,0,0,0,0,0,0,0,0,0
878,日焼け止め機能,2,1,0,0,0,0,0,0,0,0,1,0,0,0
879,びがよいところ,2,1,1,0,0,0,0,0,0,0,0,0,0,0
880,接客,2,0,1,0,1,0,0,0,0,0,0,0,0,0
881,１００円,2,0,0,0,0,0,0,1,0,1,0,0,0,0
882,高価,2,0,1,0,0,1,0,0,0,0,0,0,0,0
883,かさつき,2,1,0,0,0,0,1,0,0,0,0,0,0,0
884,場所,2,1,0,0,0,0,1,0,0,0,0,0,0,0
885,シワ,2,0,0,1,0,0,0,0,0,0,0,0,0,1
886,肌アレ,2,1,0,0,0,0,1,0,0,0,0,0,0,0
887,手頃価格,2,2,0,0,0,0,0,0,0,0,0,0,0,0
888,薄着,2,2,0,0,0,0,0,0,0,0,0,0,0,0
889,日焼け防止効果,2,0,1,0,0,1,0,0,0,0,0,0,0,0
890,自然色,2,0,1,0,0,1,0,0,0,0,0,0,0,0
891,真っ白,2,0,1,0,1,0,0,0,0,0,0,0,0,0
892,スベスベ,2,2,0,0,0,0,0,0,0,0,0,0,0,0
893,両面,2,0,0,0,1,0,0,0,0,0,1,0,0,0
894,鼻,2,0,0,0,1,1,0,0,0,0,0,0,0,0
895,価格帯,2,1,1,0,0,0,0,0,0,0,0,0,0,0
896,コンパクトタイプ,2,0,0,1,0,0,0,1,0,0,0,0,0,0
897,白浮き,2,0,1,1,0,0,0,0,0,0,0,0,0,0
898,予防,2,0,1,0,0,0,0,0,0,1,0,0,0,0
899,何回,2,0,0,0,0,1,0,1,0,0,0,0,0,0
900,オールシーズン用,2,0,0,0,1,0,0,1,0,0,0,0,0,0
901,水無し両用タイプ,2,0,0,0,1,0,1,0,0,0,0,0,0,0
902,夏向き,2,0,1,1,0,0,0,0,0,0,0,0,0,0
903,ー力,2,0,1,1,0,0,0,0,0,0,0,0,0,0
904,替え,2,0,1,0,0,1,0,0,0,0,0,0,0,0
905,あら,2,2,0,0,0,0,0,0,0,0,0,0,0,0
906,コスメ,2,0,1,0,0,1,0,0,0,0,0,0,0,0
907,場合,2,0,1,0,0,0,1,0,0,0,0,0,0,0
908,プラウディア,2,1,1,0,0,0,0,0,0,0,0,0,0,0
909,竹内結子,2,1,0,0,0,1,0,0,0,0,0,0,0,0
910,欠点,2,0,1,0,0,0,1,0,0,0,0,0,0,0
911,ニキビ予防,2,1,0,0,0,1,0,0,0,0,0,0,0,0
912,uv効果,2,1,0,0,1,0,0,0,0,0,0,0,0,0
913,ハイライト,2,0,2,0,0,0,0,0,0,0,0,0,0,0
914,多数,2,0,1,1,0,0,0,0,0,0,0,0,0,0
915,ソフト,2,0,0,0,0,1,0,1,0,0,0,0,0,0
916,体質,2,0,1,0,0,0,0,1,0,0,0,0,0,0
917,'1',2,0,1,1,0,0,0,0,0,0,0,0,0,0
918,脂症,2,1,1,0,0,0,0,0,0,0,0,0,0,0
919,つややか,2,1,1,0,0,0,0,0,0,0,0,0,0,0
920,とき自然,2,2,0,0,0,0,0,0,0,0,0,0,0,0
921,ろ,2,0,0,0,0,1,1,0,0,0,0,0,0,0
922,化学物質,2,0,0,0,0,0,1,1,0,0,0,0,0,0
923,付け方,2,0,1,0,0,0,1,0,0,0,0,0,0,0
924,全部,2,0,0,2,0,0,0,0,0,0,0,0,0,0
925,肌本来,2,0,1,0,0,0,0,1,0,0,0,0,0,0
926,手頃肌,2,0,0,0,0,1,0,0,1,0,0,0,0,0
927,皺,2,0,1,0,1,0,0,0,0,0,0,0,0,0
928,スキンケア成分,2,0,0,1,0,0,1,0,0,0,0,0,0,0
929,美容員,2,0,1,0,0,1,0,0,0,0,0,0,0,0
930,なか,2,1,0,0,0,0,0,0,1,0,0,0,0,0
931,カンタン,2,1,1,0,0,0,0,0,0,0,0,0,0,0
932,付き具合,2,2,0,0,0,0,0,0,0,0,0,0,0,0
933,色ムラ,2,0,1,0,0,0,1,0,0,0,0,0,0,0
934,重ね付け,2,1,0,1,0,0,0,0,0,0,0,0,0,0
935,そこ,2,1,1,0,0,0,0,0,0,0,0,0,0,0
936,ドラッグストアー,2,2,0,0,0,0,0,0,0,0,0,0,0,0
937,パール感,2,1,1,0,0,0,0,0,0,0,0,0,0,0
938,角度,2,0,0,0,2,0,0,0,0,0,0,0,0,0
939,ショップ,2,0,0,1,1,0,0,0,0,0,0,0,0,0
940,割安,2,2,0,0,0,0,0,0,0,0,0,0,0,0
941,乳液タイプ,2,2,0,0,0,0,0,0,0,0,0,0,0,0
942,検討中,2,0,0,0,0,0,2,0,0,0,0,0,0,0
943,一般,2,0,0,1,0,0,0,1,0,0,0,0,0,0
944,練り状,2,0,0,1,0,0,0,0,0,1,0,0,0,0
945,高級,2,0,0,1,0,0,0,1,0,0,0,0,0,0
946,混合肌,2,0,0,0,0,2,0,0,0,0,0,0,0,0
947,使い方,2,0,0,0,0,0,1,1,0,0,0,0,0,0
948,お洒落,2,0,0,0,0,1,0,0,0,1,0,0,0,0
949,日常的,2,1,1,0,0,0,0,0,0,0,0,0,0,0
950,オイリー肌,2,1,1,0,0,0,0,0,0,0,0,0,0,0
951,有害,2,0,0,1,0,0,0,1,0,0,0,0,0,0
952,友達,2,1,0,0,0,0,0,1,0,0,0,0,0,0
953,'２つ',2,0,0,1,0,1,0,0,0,0,0,0,0,0
954,仕上がり具合,2,0,1,0,0,1,0,0,0,0,0,0,0,0
955,100円,2,1,0,0,0,0,0,0,0,0,0,0,0,1
956,飽き,2,0,0,0,1,0,1,0,0,0,0,0,0,0
957,ときサラッ,2,0,1,1,0,0,0,0,0,0,0,0,0,0
958,マシ,2,1,0,0,1,0,0,0,0,0,0,0,0,0
959,付き方,2,0,1,0,0,0,0,0,0,0,1,0,0,0
960,ニキビ用,2,0,1,0,0,1,0,0,0,0,0,0,0,0
961,快適,2,0,0,2,0,0,0,0,0,0,0,0,0,0
962,程,2,0,2,0,0,0,0,0,0,0,0,0,0,0
963,紫外線吸収剤,2,0,0,1,0,0,0,0,1,0,0,0,0,0
964,冬,2,0,1,1,0,0,0,0,0,0,0,0,0,0
965,'ＤＨＣ',2,0,0,0,1,0,1,0,0,0,0,0,0,0
966,サラサラ,2,1,0,0,0,0,0,0,0,1,0,0,0,0
967,妥当,2,1,0,1,0,0,0,0,0,0,0,0,0,0
968,機能的,2,0,0,2,0,0,0,0,0,0,0,0,0,0
969,ナノテク,2,1,0,0,0,0,0,0,0,1,0,0,0,0
970,こまやか,2,1,0,0,0,1,0,0,0,0,0,0,0,0
971,返品,2,0,0,0,1,0,1,0,0,0,0,0,0,0
972,ダイソー,2,0,0,0,0,0,0,1,0,1,0,0,0,0
973,SPF値,2,1,0,0,1,0,0,0,0,0,0,0,0,0
974,粉おしろい,2,0,0,0,0,1,1,0,0,0,0,0,0,0
975,菅野美穂,2,2,0,0,0,0,0,0,0,0,0,0,0,0
976,なめらかさ,2,1,1,0,0,0,0,0,0,0,0,0,0,0
977,風,2,0,0,1,0,0,0,1,0,0,0,0,0,0
978,ワントーン,2,1,1,0,0,0,0,0,0,0,0,0,0,0
979,オシャレ,2,1,1,0,0,0,0,0,0,0,0,0,0,0
980,仕上り,2,0,2,0,0,0,0,0,0,0,0,0,0,0
981,ムース,2,1,1,0,0,0,0,0,0,0,0,0,0,0
982,大量,1,0,0,0,0,1,0,0,0,0,0,0,0,0
983,すっぴん,1,0,0,1,0,0,0,0,0,0,0,0,0,0
984,欲,1,0,1,0,0,0,0,0,0,0,0,0,0,0
985,ネット注文,1,0,0,1,0,0,0,0,0,0,0,0,0,0
986,ネットショップ,1,0,0,1,0,0,0,0,0,0,0,0,0,0
987,１回分,1,0,0,0,0,0,1,0,0,0,0,0,0,0
988,人気商品,1,0,0,0,0,1,0,0,0,0,0,0,0,0
989,お手ごろ値段,1,0,0,0,1,0,0,0,0,0,0,0,0,0
990,おてごろ価格,1,1,0,0,0,0,0,0,0,0,0,0,0,0
991,｡カバー力,1,0,0,1,0,0,0,0,0,0,0,0,0,0
992,水化粧ファン,1,0,0,0,0,0,0,1,0,0,0,0,0,0
993,姿勢,1,1,0,0,0,0,0,0,0,0,0,0,0,0
994,ok,1,0,1,0,0,0,0,0,0,0,0,0,0,0
995,輝き,1,0,1,0,0,0,0,0,0,0,0,0,0,0
996,十数年前,1,0,0,0,0,1,0,0,0,0,0,0,0,0
997,石油系成分,1,0,0,1,0,0,0,0,0,0,0,0,0,0
998,freeplus,1,0,0,0,1,0,0,0,0,0,0,0,0,0
999,年代別,1,1,0,0,0,0,0,0,0,0,0,0,0,0
1000,サラx２,1,0,0,0,0,0,0,1,0,0,0,0,0,0
1001,かく,1,1,0,0,0,0,0,0,0,0,0,0,0,0
1002,スキンラスティング,1,0,1,0,0,0,0,0,0,0,0,0,0,0
1003,使用後肌,1,1,0,0,0,0,0,0,0,0,0,0,0,0
1004,出物,1,1,0,0,0,0,0,0,0,0,0,0,0,0
1005,ヤツ,1,0,0,0,1,0,0,0,0,0,0,0,0,0
1006,オイルフリー処方,1,0,0,0,0,0,0,1,0,0,0,0,0,0
1007,返品可,1,0,0,0,0,0,0,1,0,0,0,0,0,0
1008,美容液みたい,1,0,0,0,0,0,1,0,0,0,0,0,0,0
1009,斬新,1,0,1,0,0,0,0,0,0,0,0,0,0,0
1010,ワンシーズン,1,1,0,0,0,0,0,0,0,0,0,0,0,0
1011,ＳＰＦ23・ＰＡ++）,1,1,0,0,0,0,0,0,0,0,0,0,0,0
1012,ことケース,1,0,1,0,0,0,0,0,0,0,0,0,0,0
1013,十年近く,1,1,0,0,0,0,0,0,0,0,0,0,0,0
1014,パウダー状,1,0,1,0,0,0,0,0,0,0,0,0,0,0
1015,地黒,1,1,0,0,0,0,0,0,0,0,0,0,0,0
1016,敏感肌の,1,1,0,0,0,0,0,0,0,0,0,0,0,0
1017,ラメ入り,1,1,0,0,0,0,0,0,0,0,0,0,0,0
1018,ジョンアップ,1,1,0,0,0,0,0,0,0,0,0,0,0,0
1019,床,1,0,0,0,0,1,0,0,0,0,0,0,0,0
1020,モデル,1,1,0,0,0,0,0,0,0,0,0,0,0,0
1021,スポーツタイプ,1,1,0,0,0,0,0,0,0,0,0,0,0,0
1022,ハイビジョン対応,1,0,0,1,0,0,0,0,0,0,0,0,0,0
1023,ウォータープルーフタイプ,1,0,0,1,0,0,0,0,0,0,0,0,0,0
1024,写真写り,1,0,0,1,0,0,0,0,0,0,0,0,0,0
1025,すみ,1,1,0,0,0,0,0,0,0,0,0,0,0,0
1026,100％オイルカット,1,0,1,0,0,0,0,0,0,0,0,0,0,0
1027,仕上がり持ち,1,0,1,0,0,0,0,0,0,0,0,0,0,0
1028,夏冬兼用,1,1,0,0,0,0,0,0,0,0,0,0,0,0
1029,自然感覚,1,0,1,0,0,0,0,0,0,0,0,0,0,0
1030,インパクト,1,1,0,0,0,0,0,0,0,0,0,0,0,0
1031,真珠,1,0,0,1,0,0,0,0,0,0,0,0,0,0
1032,綺麗ケース,1,1,0,0,0,0,0,0,0,0,0,0,0,0
1033,びがよいほかよりてかりにくい,1,0,1,0,0,0,0,0,0,0,0,0,0,0
1034,スーパーマーケット,1,0,0,0,1,0,0,0,0,0,0,0,0,0
1035,下地効果,1,0,1,0,0,0,0,0,0,0,0,0,0,0
1036,楽ちん,1,0,0,0,0,0,1,0,0,0,0,0,0,0
1037,)ところ,1,0,1,0,0,0,0,0,0,0,0,0,0,0
1038,利点,1,0,0,0,0,0,0,0,1,0,0,0,0,0
1039,アトピー感,1,0,0,0,0,0,0,1,0,0,0,0,0,0
1040,浮き,1,1,0,0,0,0,0,0,0,0,0,0,0,0
1041,つくり,1,1,0,0,0,0,0,0,0,0,0,0,0,0
1042,のり具合,1,0,1,0,0,0,0,0,0,0,0,0,0,0
1043,コーナー,1,1,0,0,0,0,0,0,0,0,0,0,0,0
1044,サージ,1,0,0,0,0,1,0,0,0,0,0,0,0,0
1045,機能別,1,0,0,0,1,0,0,0,0,0,0,0,0,0
1046,フレッシェル,1,1,0,0,0,0,0,0,0,0,0,0,0,0
1047,性能,1,0,1,0,0,0,0,0,0,0,0,0,0,0
1048,リッキッド,1,1,0,0,0,0,0,0,0,0,0,0,0,0
1049,びがいいからとても自然,1,0,1,0,0,0,0,0,0,0,0,0,0,0
1050,デパート,1,1,0,0,0,0,0,0,0,0,0,0,0,0
1051,値,1,0,1,0,0,0,0,0,0,0,0,0,0,0
1052,プルルン,1,1,0,0,0,0,0,0,0,0,0,0,0,0
1053,顧客,1,0,1,0,0,0,0,0,0,0,0,0,0,0
1054,システム,1,0,0,0,0,0,0,1,0,0,0,0,0,0
1055,(肌荒れ,1,0,1,0,0,0,0,0,0,0,0,0,0,0
1056,ほんとう,1,1,0,0,0,0,0,0,0,0,0,0,0,0
1057,ところデザインブランド,1,0,1,0,0,0,0,0,0,0,0,0,0,0
1058,乾燥感,1,1,0,0,0,0,0,0,0,0,0,0,0,0
1059,使用時,1,0,1,0,0,0,0,0,0,0,0,0,0,0
1060,ゴールド,1,0,0,0,0,0,0,0,1,0,0,0,0,0
1061,肌むら,1,0,1,0,0,0,0,0,0,0,0,0,0,0
1062,方法,1,0,1,0,0,0,0,0,0,0,0,0,0,0
1063,これ以上,1,0,0,0,0,1,0,0,0,0,0,0,0,0
1064,格安コスメ,1,1,0,0,0,0,0,0,0,0,0,0,0,0
1065,(顔,1,0,0,1,0,0,0,0,0,0,0,0,0,0
1066,苦手,1,0,1,0,0,0,0,0,0,0,0,0,0,0
1067,肌全体,1,0,1,0,0,0,0,0,0,0,0,0,0,0
1068,コンディション,1,0,0,0,0,1,0,0,0,0,0,0,0,0
1069,ニキビだらけ,1,0,0,0,0,0,1,0,0,0,0,0,0,0
1070,とたんパウダー,1,0,1,0,0,0,0,0,0,0,0,0,0,0
1071,総合的,1,0,0,0,0,0,0,0,1,0,0,0,0,0
1072,化粧むら,1,0,0,0,1,0,0,0,0,0,0,0,0,0
1073,脂崩れ,1,1,0,0,0,0,0,0,0,0,0,0,0,0
1074,個々,1,0,0,0,0,1,0,0,0,0,0,0,0,0
1075,水アリ水ナシ両方,1,0,0,0,0,0,1,0,0,0,0,0,0,0
1076,オーガニック化粧品,1,0,0,0,0,0,1,0,0,0,0,0,0,0
1077,厚手,1,1,0,0,0,0,0,0,0,0,0,0,0,0
1078,感じ自然,1,1,0,0,0,0,0,0,0,0,0,0,0,0
1079,ファンデー,1,0,0,0,0,1,0,0,0,0,0,0,0,0
1080,スポーツ時,1,1,0,0,0,0,0,0,0,0,0,0,0,0
1081,びるううくつけられる,1,0,1,0,0,0,0,0,0,0,0,0,0,0
1082,息,1,0,0,0,0,0,1,0,0,0,0,0,0,0
1083,クリームファン,1,0,1,0,0,0,0,0,0,0,0,0,0,0
1084,10年以上,1,1,0,0,0,0,0,0,0,0,0,0,0,0
1085,ラク,1,1,0,0,0,0,0,0,0,0,0,0,0,0
1086,ところ長持ち,1,0,1,0,0,0,0,0,0,0,0,0,0,0
1087,ササッ,1,1,0,0,0,0,0,0,0,0,0,0,0,0
1088,反応,1,1,0,0,0,0,0,0,0,0,0,0,0,0
1089,手ごろ感,1,1,0,0,0,0,0,0,0,0,0,0,0,0
1090,一枚づつ,1,1,0,0,0,0,0,0,0,0,0,0,0,0
1091,付き合い,1,0,0,0,0,0,0,1,0,0,0,0,0,0
1092,美容院,1,0,0,0,0,0,0,0,1,0,0,0,0,0
1093,統一,1,0,1,0,0,0,0,0,0,0,0,0,0,0
1094,美白用,1,0,1,0,0,0,0,0,0,0,0,0,0,0
1095,パウダリーファンデーション,1,0,0,0,0,0,0,1,0,0,0,0,0,0
1096,かたち,1,1,0,0,0,0,0,0,0,0,0,0,0,0
1097,お買い物,1,0,0,0,1,0,0,0,0,0,0,0,0,0
1098,とい,1,1,0,0,0,0,0,0,0,0,0,0,0,0
1099,愛好者,1,0,0,0,0,0,0,1,0,0,0,0,0,0
1100,伸びがよくうすづきなところ,1,0,0,0,1,0,0,0,0,0,0,0,0,0
1101,簡易包装,1,0,0,1,0,0,0,0,0,0,0,0,0,0
1102,バーナル,1,0,0,0,0,0,1,0,0,0,0,0,0,0
1103,コンパクトサイズ,1,1,0,0,0,0,0,0,0,0,0,0,0,0
1104,通年使用,1,1,0,0,0,0,0,0,0,0,0,0,0,0
1105,パッチテスト,1,0,1,0,0,0,0,0,0,0,0,0,0,0
1106,一般的,1,0,0,0,0,0,0,1,0,0,0,0,0,0
1107,装飾,1,1,0,0,0,0,0,0,0,0,0,0,0,0
1108,7色パール,1,0,0,0,0,0,0,1,0,0,0,0,0,0
1109,'.',1,1,0,0,0,0,0,0,0,0,0,0,0,0
1110,美容液入りリキッドファンデーション,1,0,0,0,0,1,0,0,0,0,0,0,0,0
1111,真夏以外,1,1,0,0,0,0,0,0,0,0,0,0,0,0
1112,スムーズ,1,1,0,0,0,0,0,0,0,0,0,0,0,0
1113,かなり,1,0,1,0,0,0,0,0,0,0,0,0,0,0
1114,１回,1,0,0,0,1,0,0,0,0,0,0,0,0,0
1115,ふたり,1,0,0,0,1,0,0,0,0,0,0,0,0,0
1116,パウダリービジョン,1,0,0,0,0,0,0,0,0,1,0,0,0,0
1117,'MAC',1,0,0,0,0,0,0,1,0,0,0,0,0,0
1118,小泉今日子,1,0,0,0,0,1,0,0,0,0,0,0,0,0
1119,メイン,1,1,0,0,0,0,0,0,0,0,0,0,0,0
1120,肌持ち,1,1,0,0,0,0,0,0,0,0,0,0,0,0
1121,ぷるぷる感,1,0,1,0,0,0,0,0,0,0,0,0,0,0
1122,つくし,1,0,0,0,0,0,0,0,0,0,0,0,1,0
1123,色調,1,0,0,1,0,0,0,0,0,0,0,0,0,0
1124,塗布,1,1,0,0,0,0,0,0,0,0,0,0,0,0
1125,いしもち,1,0,0,1,0,0,0,0,0,0,0,0,0,0
1126,全般的,1,0,0,0,0,1,0,0,0,0,0,0,0,0
1127,綺麗め,1,1,0,0,0,0,0,0,0,0,0,0,0,0
1128,オリーブバージンオイル配合,1,0,0,0,1,0,0,0,0,0,0,0,0,0
1129,合成,1,0,0,0,0,0,0,1,0,0,0,0,0,0
1130,価格つき,1,0,0,0,1,0,0,0,0,0,0,0,0,0
1131,肌荒れ等,1,1,0,0,0,0,0,0,0,0,0,0,0,0
1132,徹底的,1,0,0,1,0,0,0,0,0,0,0,0,0,0
1133,カバー力素肌感,1,0,1,0,0,0,0,0,0,0,0,0,0,0
1134,１００％オイルカット,1,0,0,0,1,0,0,0,0,0,0,0,0,0
1135,涙,1,0,0,0,0,1,0,0,0,0,0,0,0,0
1136,UVカット機能,1,0,0,1,0,0,0,0,0,0,0,0,0,0
1137,控えめ,1,1,0,0,0,0,0,0,0,0,0,0,0,0
1138,皮膚生理学的,1,0,1,0,0,0,0,0,0,0,0,0,0,0
1139,ファシオ,1,0,1,0,0,0,0,0,0,0,0,0,0,0
1140,処,1,0,0,0,0,0,0,0,0,0,0,1,0,0
1141,ＵＶタイプ,1,0,0,0,1,0,0,0,0,0,0,0,0,0
1142,ところすべて,1,0,1,0,0,0,0,0,0,0,0,0,0,0
1143,2種類,1,0,0,0,0,0,0,0,0,0,1,0,0,0
1144,ＵＶカット能力,1,0,0,0,0,0,0,0,1,0,0,0,0,0
1145,女の子,1,1,0,0,0,0,0,0,0,0,0,0,0,0
1146,去年,1,0,1,0,0,0,0,0,0,0,0,0,0,0
1147,プロテクト効果,1,1,0,0,0,0,0,0,0,0,0,0,0,0
1148,同メーカー,1,1,0,0,0,0,0,0,0,0,0,0,0,0
1149,組み合わせ,1,0,0,0,0,0,1,0,0,0,0,0,0,0
1150,レヒィル,1,0,0,0,1,0,0,0,0,0,0,0,0,0
1151,粘着力,1,0,1,0,0,0,0,0,0,0,0,0,0,0
1152,お化粧品,1,0,0,0,0,0,0,1,0,0,0,0,0,0
1153,びもいいし,1,1,0,0,0,0,0,0,0,0,0,0,0,0
1154,使用量,1,0,1,0,0,0,0,0,0,0,0,0,0,0
1155,さリキッド,1,0,1,0,0,0,0,0,0,0,0,0,0,0
1156,色付き,1,0,1,0,0,0,0,0,0,0,0,0,0,0
1157,海外旅行,1,0,0,0,0,0,0,1,0,0,0,0,0,0
1158,クォリティー,1,0,0,0,0,1,0,0,0,0,0,0,0,0
1159,医者,1,1,0,0,0,0,0,0,0,0,0,0,0,0
1160,料金,1,1,0,0,0,0,0,0,0,0,0,0,0,0
1161,包装,1,0,0,0,1,0,0,0,0,0,0,0,0,0
1162,紫外線効果,1,0,0,0,0,0,1,0,0,0,0,0,0,0
1163,色テカラ,1,0,1,0,0,0,0,0,0,0,0,0,0,0
1164,子会社,1,1,0,0,0,0,0,0,0,0,0,0,0,0
1165,アイテム,1,0,0,0,0,0,1,0,0,0,0,0,0,0
1166,ヴァ,1,1,0,0,0,0,0,0,0,0,0,0,0,0
1167,SPF１９,1,1,0,0,0,0,0,0,0,0,0,0,0,0
1168,ツッパリ感,1,0,0,1,0,0,0,0,0,0,0,0,0,0
1169,負担感,1,1,0,0,0,0,0,0,0,0,0,0,0,0
1170,商品開発,1,1,0,0,0,0,0,0,0,0,0,0,0,0
1171,ガバー,1,0,1,0,0,0,0,0,0,0,0,0,0,0
1172,アトピー体質,1,1,0,0,0,0,0,0,0,0,0,0,0,0
1173,ブロック,1,0,0,0,0,0,0,0,0,0,0,0,1,0
1174,オールシーズン共用,1,1,0,0,0,0,0,0,0,0,0,0,0,0
1175,みたい,1,0,0,0,0,0,0,1,0,0,0,0,0,0
1176,uｖカット,1,1,0,0,0,0,0,0,0,0,0,0,0,0
1177,仕上がり不純物,1,0,0,1,0,0,0,0,0,0,0,0,0,0
1178,かさつきがち,1,0,0,0,0,1,0,0,0,0,0,0,0,0
1179,老化,1,0,0,0,0,0,0,0,0,0,0,1,0,0
1180,粉末タイプ,1,0,1,0,0,0,0,0,0,0,0,0,0,0
1181,プルプル,1,0,0,1,0,0,0,0,0,0,0,0,0,0
1182,ム,1,0,0,0,0,0,0,1,0,0,0,0,0,0
1183,馴染み感,1,0,0,0,1,0,0,0,0,0,0,0,0,0
1184,極め,1,1,0,0,0,0,0,0,0,0,0,0,0,0
1185,仕上がり長持ち,1,0,0,0,0,1,0,0,0,0,0,0,0,0
1186,ごこち,1,0,0,1,0,0,0,0,0,0,0,0,0,0
1187,アレルギー等,1,0,0,0,1,0,0,0,0,0,0,0,0,0
1188,貰い物,1,0,0,0,0,0,0,1,0,0,0,0,0,0
1189,１９８０円,1,0,1,0,0,0,0,0,0,0,0,0,0,0
1190,薄づき感,1,0,1,0,0,0,0,0,0,0,0,0,0,0
1191,化粧品会社内,1,1,0,0,0,0,0,0,0,0,0,0,0,0
1192,油性肌,1,0,0,0,0,0,0,1,0,0,0,0,0,0
1193,二層式,1,0,0,0,0,0,0,1,0,0,0,0,0,0
1194,化粧水タイプ,1,0,0,0,0,0,1,0,0,0,0,0,0,0
1195,ところ基礎化粧品,1,0,0,1,0,0,0,0,0,0,0,0,0,0
1196,すー,1,0,0,0,0,0,0,1,0,0,0,0,0,0
1197,uv,1,0,1,0,0,0,0,0,0,0,0,0,0,0
1198,使用中,1,1,0,0,0,0,0,0,0,0,0,0,0,0
1199,化粧品販売,1,0,0,0,0,1,0,0,0,0,0,0,0,0
1200,ロングセラー,1,0,0,0,0,1,0,0,0,0,0,0,0,0
1201,ひりひり,1,0,0,0,0,0,1,0,0,0,0,0,0,0
1202,1700円,1,0,1,0,0,0,0,0,0,0,0,0,0,0
1203,病院,1,0,0,0,0,0,0,1,0,0,0,0,0,0
1204,リッキド,1,0,1,0,0,0,0,0,0,0,0,0,0,0
1205,紫外線予防,1,1,0,0,0,0,0,0,0,0,0,0,0,0
1206,付け心地感,1,0,0,0,0,1,0,0,0,0,0,0,0,0
1207,成分すべて,1,0,0,1,0,0,0,0,0,0,0,0,0,0
1208,環境下,1,0,0,0,0,0,0,1,0,0,0,0,0,0
1209,きり,1,0,0,1,0,0,0,0,0,0,0,0,0,0
1210,固形パウダー,1,0,0,0,0,0,0,1,0,0,0,0,0,0
1211,サンスクリーンオンフェイス,1,0,0,1,0,0,0,0,0,0,0,0,0,0
1212,ニキビ対策,1,0,0,0,0,1,0,0,0,0,0,0,0,0
1213,屋内,1,0,0,0,0,0,0,1,0,0,0,0,0,0
1214,相生,1,0,0,1,0,0,0,0,0,0,0,0,0,0
1215,防止効果,1,0,0,0,0,1,0,0,0,0,0,0,0,0
1216,おしゃれカワイイ,1,0,0,0,1,0,0,0,0,0,0,0,0,0
1217,なん,1,0,0,0,0,0,0,1,0,0,0,0,0,0
1218,表面,1,1,0,0,0,0,0,0,0,0,0,0,0,0
1219,ミラー,1,1,0,0,0,0,0,0,0,0,0,0,0,0
1220,美顔,1,0,0,0,1,0,0,0,0,0,0,0,0,0
1221,仕上げ用,1,0,0,0,0,1,0,0,0,0,0,0,0,0
1222,自然つき,1,0,1,0,0,0,0,0,0,0,0,0,0,0
1223,話題,1,1,0,0,0,0,0,0,0,0,0,0,0,0
1224,'･',1,0,1,0,0,0,0,0,0,0,0,0,0,0
1225,液体状,1,0,0,1,0,0,0,0,0,0,0,0,0,0
1226,透明感薄,1,1,0,0,0,0,0,0,0,0,0,0,0,0
1227,オリーブオイル,1,0,0,0,0,0,1,0,0,0,0,0,0,0
1228,メチルパラベン,1,1,0,0,0,0,0,0,0,0,0,0,0,0
1229,塗りごこち,1,0,0,0,0,1,0,0,0,0,0,0,0,0
1230,伸びがよいうすづきで,1,0,1,0,0,0,0,0,0,0,0,0,0,0
1231,ツルン,1,0,0,1,0,0,0,0,0,0,0,0,0,0
1232,ところ価格,1,1,0,0,0,0,0,0,0,0,0,0,0,0
1233,安目,1,1,0,0,0,0,0,0,0,0,0,0,0,0
1234,継続,1,1,0,0,0,0,0,0,0,0,0,0,0,0
1235,コンシーラファンデーション,1,1,0,0,0,0,0,0,0,0,0,0,0,0
1236,雨,1,1,0,0,0,0,0,0,0,0,0,0,0,0
1237,敏感用,1,0,0,0,0,1,0,0,0,0,0,0,0,0
1238,無鉱物質油,1,1,0,0,0,0,0,0,0,0,0,0,0,0
1239,特別好き,1,0,0,0,0,0,0,1,0,0,0,0,0,0
1240,１００円ショップ,1,0,0,0,0,0,0,0,0,1,0,0,0,0
1241,ペア,1,1,0,0,0,0,0,0,0,0,0,0,0,0
1242,ナチュラル肌,1,0,1,0,0,0,0,0,0,0,0,0,0,0
1243,かな点,1,0,1,0,0,0,0,0,0,0,0,0,0,0
1244,改善,1,0,0,1,0,0,0,0,0,0,0,0,0,0
1245,ＳＰＦ１７,1,0,0,0,0,1,0,0,0,0,0,0,0,0
1246,エルシア,1,1,0,0,0,0,0,0,0,0,0,0,0,0
1247,エアータッチ,1,0,1,0,0,0,0,0,0,0,0,0,0,0
1248,挑戦,1,0,0,0,0,0,1,0,0,0,0,0,0,0
1249,安値,1,1,0,0,0,0,0,0,0,0,0,0,0,0
1250,対象年齢,1,1,0,0,0,0,0,0,0,0,0,0,0,0
1251,買物ついで,1,0,0,0,0,0,0,0,0,0,0,1,0,0
1252,ユーヴィーカット,1,0,0,1,0,0,0,0,0,0,0,0,0,0
1253,複数購入,1,1,0,0,0,0,0,0,0,0,0,0,0,0
1254,美白効果カバー力,1,0,0,0,1,0,0,0,0,0,0,0,0,0
1255,素肌みたい,1,0,0,1,0,0,0,0,0,0,0,0,0,0
1256,１８歳,1,0,1,0,0,0,0,0,0,0,0,0,0,0
1257,コンシーらー,1,0,1,0,0,0,0,0,0,0,0,0,0,0
1258,購入手配,1,0,0,0,0,0,0,1,0,0,0,0,0,0
1259,最小限,1,0,0,0,0,0,1,0,0,0,0,0,0,0
1260,カラーコントロール下地,1,0,1,0,0,0,0,0,0,0,0,0,0,0
1261,共通性,1,0,1,0,0,0,0,0,0,0,0,0,0,0
1262,半日,1,0,0,0,0,0,0,1,0,0,0,0,0,0
1263,商品自身,1,0,0,0,0,0,1,0,0,0,0,0,0,0
1264,びてつきがいい,1,0,0,1,0,0,0,0,0,0,0,0,0,0
1265,スゥーッ,1,0,1,0,0,0,0,0,0,0,0,0,0,0
1266,自分肌,1,0,0,0,0,1,0,0,0,0,0,0,0,0
1267,ナシ,1,0,1,0,0,0,0,0,0,0,0,0,0,0
1268,びがいいくずれにくい,1,0,1,0,0,0,0,0,0,0,0,0,0,0
1269,親,1,1,0,0,0,0,0,0,0,0,0,0,0,0
1270,いろいろ,1,0,0,1,0,0,0,0,0,0,0,0,0,0
1271,TV通販番組,1,0,0,0,0,0,1,0,0,0,0,0,0,0
1272,基本的,1,0,0,0,0,1,0,0,0,0,0,0,0,0
1273,タッチ適度,1,1,0,0,0,0,0,0,0,0,0,0,0,0
1274,人みたい,1,0,0,0,0,0,0,0,0,1,0,0,0,0
1275,痛み,1,0,0,0,0,0,1,0,0,0,0,0,0,0
1276,特別他,1,0,0,0,0,0,0,1,0,0,0,0,0,0
1277,評価,1,0,0,0,0,1,0,0,0,0,0,0,0,0
1278,化学薬品,1,0,0,0,0,0,0,1,0,0,0,0,0,0
1279,しっくり,1,1,0,0,0,0,0,0,0,0,0,0,0,0
1280,ナノ化粧品,1,0,0,0,0,1,0,0,0,0,0,0,0,0
1281,カバー力透明感,1,1,0,0,0,0,0,0,0,0,0,0,0,0
1282,PAとも,1,0,1,0,0,0,0,0,0,0,0,0,0,0
1283,色(ベージュオークル),1,1,0,0,0,0,0,0,0,0,0,0,0,0
1284,伸びがよくつけたときのもったり感,1,1,0,0,0,0,0,0,0,0,0,0,0,0
1285,無添加紫外線対策,1,0,0,0,0,1,0,0,0,0,0,0,0,0
1286,伸びがよくつけたあとさらっとしている,1,0,0,0,1,0,0,0,0,0,0,0,0,0
1287,きれいさ,1,0,0,0,0,1,0,0,0,0,0,0,0,0
1288,数年,1,1,0,0,0,0,0,0,0,0,0,0,0,0
1289,立体メイク,1,0,0,1,0,0,0,0,0,0,0,0,0,0
1290,スプレータイプ,1,0,0,0,0,0,1,0,0,0,0,0,0,0
1291,ミントグリーン,1,0,0,0,0,1,0,0,0,0,0,0,0,0
1292,♪）ところ,1,0,0,0,1,0,0,0,0,0,0,0,0,0
1293,隠れ素肌感覚,1,0,0,0,0,1,0,0,0,0,0,0,0,0
1294,パウダーファン,1,0,0,0,0,1,0,0,0,0,0,0,0,0
1295,ストレス,1,0,1,0,0,0,0,0,0,0,0,0,0,0
1296,TゾーンUゾーン,1,0,0,0,0,0,1,0,0,0,0,0,0,0
1297,アベンヌ,1,0,0,0,0,1,0,0,0,0,0,0,0,0
1298,リーゾナブル,1,0,0,0,0,0,0,1,0,0,0,0,0,0
1299,リキッドタイプノビ,1,0,0,1,0,0,0,0,0,0,0,0,0,0
1300,びんかん肌,1,0,1,0,0,0,0,0,0,0,0,0,0,0
1301,CM通り肌,1,0,1,0,0,0,0,0,0,0,0,0,0,0
1302,半練り状,1,0,0,0,0,1,0,0,0,0,0,0,0,0
1303,外国,1,0,0,0,0,0,0,1,0,0,0,0,0,0
1304,絹,1,0,0,0,0,0,0,1,0,0,0,0,0,0
1305,友人等,1,1,0,0,0,0,0,0,0,0,0,0,0,0
1306,あと肌,1,0,0,0,0,1,0,0,0,0,0,0,0,0
1307,フタ,1,0,1,0,0,0,0,0,0,0,0,0,0,0
1308,化粧モチ効果,1,0,0,0,1,0,0,0,0,0,0,0,0,0
1309,矢田さん,1,0,1,0,0,0,0,0,0,0,0,0,0,0
1310,イヤ,1,0,0,0,0,0,0,1,0,0,0,0,0,0
1311,アミノ酸,1,0,0,0,0,0,1,0,0,0,0,0,0,0
1312,ゲル,1,0,0,0,0,0,1,0,0,0,0,0,0,0
1313,SPFつき,1,0,0,1,0,0,0,0,0,0,0,0,0,0
1314,買い物,1,0,0,0,1,0,0,0,0,0,0,0,0,0
1315,限定,1,0,0,0,0,1,0,0,0,0,0,0,0,0
1316,斑,1,0,0,0,0,0,0,1,0,0,0,0,0,0
1317,かぶれ,1,0,1,0,0,0,0,0,0,0,0,0,0,0
1318,日焼け止めクリ,1,0,0,0,0,0,0,1,0,0,0,0,0,0
1319,かさかさ,1,0,0,0,0,1,0,0,0,0,0,0,0,0
1320,綺麗化粧崩れ,1,0,1,0,0,0,0,0,0,0,0,0,0,0
1321,マッサージクリーム,1,0,0,0,0,0,1,0,0,0,0,0,0,0
1322,くるみ,1,0,0,1,0,0,0,0,0,0,0,0,0,0
1323,キャンペーン中,1,1,0,0,0,0,0,0,0,0,0,0,0,0
1324,かお,1,0,1,0,0,0,0,0,0,0,0,0,0,0
1325,好き色合い,1,0,0,0,0,1,0,0,0,0,0,0,0,0
1326,メイクアップ,1,0,0,0,1,0,0,0,0,0,0,0,0,0
1327,手ごろ見た目,1,0,0,0,1,0,0,0,0,0,0,0,0,0
1328,お試し,1,1,0,0,0,0,0,0,0,0,0,0,0,0
1329,しっとり感自然,1,0,0,0,0,0,0,1,0,0,0,0,0,0
1330,精神的,1,0,1,0,0,0,0,0,0,0,0,0,0,0
1331,紫外線カット効果,1,0,0,0,0,1,0,0,0,0,0,0,0,0
1332,万人向け,1,1,0,0,0,0,0,0,0,0,0,0,0,0
1333,ところ使い,1,1,0,0,0,0,0,0,0,0,0,0,0,0
1334,CM性,1,1,0,0,0,0,0,0,0,0,0,0,0,0
1335,ぎとぎとしない,1,0,0,0,0,0,0,1,0,0,0,0,0,0
1336,水玉模様,1,1,0,0,0,0,0,0,0,0,0,0,0,0
1337,びがよいさらっとした感触,1,0,0,0,0,1,0,0,0,0,0,0,0,0
1338,付き･ノビ･持ち,1,0,0,0,0,0,0,1,0,0,0,0,0,0
1339,為崩れ,1,1,0,0,0,0,0,0,0,0,0,0,0,0
1340,雑誌,1,0,0,0,0,1,0,0,0,0,0,0,0,0
1341,混入,1,0,0,0,0,0,0,1,0,0,0,0,0,0
1342,24時間,1,0,1,0,0,0,0,0,0,0,0,0,0,0
1343,なじみ乾燥防止効果,1,0,1,0,0,0,0,0,0,0,0,0,0,0
1344,なじみ化粧,1,0,0,0,0,0,0,1,0,0,0,0,0,0
1345,はて,1,1,0,0,0,0,0,0,0,0,0,0,0,0
1346,色あい,1,1,0,0,0,0,0,0,0,0,0,0,0,0
1347,ＵＶ防止効果,1,0,0,0,1,0,0,0,0,0,0,0,0,0
1348,びやつきがよい,1,1,0,0,0,0,0,0,0,0,0,0,0,0
1349,サプリメント,1,0,0,0,0,0,0,1,0,0,0,0,0,0
1350,漢方薬,1,1,0,0,0,0,0,0,0,0,0,0,0,0
1351,付けごこち,1,1,0,0,0,0,0,0,0,0,0,0,0,0
1352,ウォーターファンデーション,1,0,0,1,0,0,0,0,0,0,0,0,0,0
1353,シ,1,1,0,0,0,0,0,0,0,0,0,0,0,0
1354,ジェル,1,1,0,0,0,0,0,0,0,0,0,0,0,0
1355,ゾーン,1,0,1,0,0,0,0,0,0,0,0,0,0,0
1356,天然系,1,0,0,0,0,1,0,0,0,0,0,0,0,0
1357,化粧独特,1,0,0,0,1,0,0,0,0,0,0,0,0,0
1358,無駄二乾燥,1,0,0,0,0,1,0,0,0,0,0,0,0,0
1359,ワントーンきれい,1,1,0,0,0,0,0,0,0,0,0,0,0,0
1360,ごと,1,1,0,0,0,0,0,0,0,0,0,0,0,0
1361,びがよくて,1,0,1,0,0,0,0,0,0,0,0,0,0,0
1362,ケイト,1,1,0,0,0,0,0,0,0,0,0,0,0,0
1363,ノエビア,1,1,0,0,0,0,0,0,0,0,0,0,0,0
1364,毎月,1,0,0,0,0,0,1,0,0,0,0,0,0,0
1365,練りタイプ,1,1,0,0,0,0,0,0,0,0,0,0,0,0
1366,ベビー用品,1,1,0,0,0,0,0,0,0,0,0,0,0,0
1367,パク,1,1,0,0,0,0,0,0,0,0,0,0,0,0
1368,ところ化粧,1,0,1,0,0,0,0,0,0,0,0,0,0,0
1369,同年代,1,0,0,0,1,0,0,0,0,0,0,0,0,0
1370,位,1,1,0,0,0,0,0,0,0,0,0,0,0,0
1371,４色,1,0,0,0,0,0,1,0,0,0,0,0,0,0
1372,アクネケア,1,0,1,0,0,0,0,0,0,0,0,0,0,0
1373,超微粒子,1,0,1,0,0,0,0,0,0,0,0,0,0,0
1374,為購入,1,0,0,0,0,0,1,0,0,0,0,0,0,0
1375,市販,1,0,0,1,0,0,0,0,0,0,0,0,0,0
1376,びがよくてつけやすいところ,1,0,0,0,0,0,0,1,0,0,0,0,0,0
1377,色もち,1,0,1,0,0,0,0,0,0,0,0,0,0,0
1378,資生堂商品,1,1,0,0,0,0,0,0,0,0,0,0,0,0
1379,異常,1,1,0,0,0,0,0,0,0,0,0,0,0,0
1380,づつ,1,0,1,0,0,0,0,0,0,0,0,0,0,0
1381,異様,1,0,1,0,0,0,0,0,0,0,0,0,0,0
1382,SPF15,1,1,0,0,0,0,0,0,0,0,0,0,0,0
1383,マル,1,1,0,0,0,0,0,0,0,0,0,0,0,0
1384,あと自然,1,0,0,0,0,1,0,0,0,0,0,0,0,0
1385,塗り感,1,0,1,0,0,0,0,0,0,0,0,0,0,0
1386,カネボウ商品,1,0,0,0,0,1,0,0,0,0,0,0,0,0
1387,天然成分原料,1,0,0,0,0,0,1,0,0,0,0,0,0,0
1388,今はやり,1,0,1,0,0,0,0,0,0,0,0,0,0,0
1389,細部,1,1,0,0,0,0,0,0,0,0,0,0,0,0
1390,無事,1,0,0,0,0,0,0,0,0,1,0,0,0,0
1391,嫌味,1,0,1,0,0,0,0,0,0,0,0,0,0,0
1392,天然原料,1,0,0,0,0,0,1,0,0,0,0,0,0,0
1393,セミフォーマル,1,0,1,0,0,0,0,0,0,0,0,0,0,0
1394,薄化粧風,1,0,0,0,1,0,0,0,0,0,0,0,0,0
1395,加減,1,0,0,0,0,0,0,0,0,1,0,0,0,0
1396,ファウンデーション,1,0,0,0,0,1,0,0,0,0,0,0,0,0
1397,再生,1,0,1,0,0,0,0,0,0,0,0,0,0,0
1398,ところスポンジ,1,0,0,0,0,1,0,0,0,0,0,0,0,0
1399,ブランド力,1,1,0,0,0,0,0,0,0,0,0,0,0,0
1400,馴染み化粧崩れ,1,1,0,0,0,0,0,0,0,0,0,0,0,0
1401,'ＤＳ',1,1,0,0,0,0,0,0,0,0,0,0,0,0
1402,限り合成成分,1,0,0,0,0,0,0,1,0,0,0,0,0,0
1403,不快感,1,1,0,0,0,0,0,0,0,0,0,0,0,0
1404,なに,1,1,0,0,0,0,0,0,0,0,0,0,0,0
1405,石けん,1,0,0,0,0,0,0,0,1,0,0,0,0,0
1406,オーダーメイド,1,0,1,0,0,0,0,0,0,0,0,0,0,0
1407,セルフ,1,0,0,0,1,0,0,0,0,0,0,0,0,0
1408,おし,1,0,1,0,0,0,0,0,0,0,0,0,0,0
1409,ローズ,1,0,1,0,0,0,0,0,0,0,0,0,0,0
1410,清潔感いっぱい,1,0,0,0,0,0,0,0,0,1,0,0,0,0
1411,estリキッド,1,0,1,0,0,0,0,0,0,0,0,0,0,0
1412,潤い持続,1,1,0,0,0,0,0,0,0,0,0,0,0,0
1413,伸び塗り斑,1,0,1,0,0,0,0,0,0,0,0,0,0,0
1414,霧,1,0,0,0,0,1,0,0,0,0,0,0,0,0
1415,7-8000円,1,0,0,0,0,0,0,1,0,0,0,0,0,0
1416,使用原料表示,1,0,0,0,1,0,0,0,0,0,0,0,0,0
1417,手抜き,1,0,1,0,0,0,0,0,0,0,0,0,0,0
1418,セルフコスメ,1,0,0,0,0,0,0,0,0,0,0,0,0,1
1419,夏冬,1,0,0,1,0,0,0,0,0,0,0,0,0,0
1420,化粧モチ,1,0,0,0,0,1,0,0,0,0,0,0,0,0
1421,カバー感,1,0,1,0,0,0,0,0,0,0,0,0,0,0
1422,ファンデーション以外,1,0,1,0,0,0,0,0,0,0,0,0,0,0
1423,自分の,1,1,0,0,0,0,0,0,0,0,0,0,0,0
1424,夏用ファンデーション,1,1,0,0,0,0,0,0,0,0,0,0,0,0
1425,ニキビ対応,1,0,0,0,0,0,0,0,0,1,0,0,0,0
1426,105円,1,0,0,0,0,0,0,0,0,1,0,0,0,0
1427,値段デザイン,1,0,1,0,0,0,0,0,0,0,0,0,0,0
1428,無香料１つ,1,0,0,1,0,0,0,0,0,0,0,0,0,0
1429,ブラウディア,1,1,0,0,0,0,0,0,0,0,0,0,0,0
1430,まわり,1,0,1,0,0,0,0,0,0,0,0,0,0,0
1431,無し,1,0,1,0,0,0,0,0,0,0,0,0,0,0
1432,中間みたい,1,0,0,0,0,0,0,0,0,0,0,0,1,0
1433,お着きあい,1,0,0,0,0,0,0,1,0,0,0,0,0,0
1434,ＵＶファンディーション,1,1,0,0,0,0,0,0,0,0,0,0,0,0
1435,度,1,0,0,0,0,0,1,0,0,0,0,0,0,0
1436,勧誘,1,0,0,0,0,0,0,0,1,0,0,0,0,0
1437,別々,1,1,0,0,0,0,0,0,0,0,0,0,0,0
1438,元通り,1,0,1,0,0,0,0,0,0,0,0,0,0,0
1439,ことカバー力,1,1,0,0,0,0,0,0,0,0,0,0,0,0
1440,透明感アップ,1,0,0,0,1,0,0,0,0,0,0,0,0,0
1441,気後れ,1,0,1,0,0,0,0,0,0,0,0,0,0,0
1442,人工,1,0,0,0,0,0,0,1,0,0,0,0,0,0
1443,さらさら感,1,0,1,0,0,0,0,0,0,0,0,0,0,0
1444,惰性,1,1,0,0,0,0,0,0,0,0,0,0,0,0
1445,今使用,1,0,0,0,0,1,0,0,0,0,0,0,0,0
1446,ケーキ,1,0,0,1,0,0,0,0,0,0,0,0,0,0
1447,合成物質,1,0,0,0,0,0,1,0,0,0,0,0,0,0
1448,ブルーベース用,1,0,1,0,0,0,0,0,0,0,0,0,0,0
1449,どめ効果,1,0,0,1,0,0,0,0,0,0,0,0,0,0
1450,見え伸び,1,0,1,0,0,0,0,0,0,0,0,0,0,0
1451,補充,1,1,0,0,0,0,0,0,0,0,0,0,0,0
1452,低刺激性,1,0,0,0,0,0,1,0,0,0,0,0,0,0
1453,化粧ムラ,1,0,1,0,0,0,0,0,0,0,0,0,0,0
1454,ＣＭどおり洗顔あとスベスベ,1,0,0,0,0,0,0,1,0,0,0,0,0,0
1455,リッキドタイプ,1,0,0,0,0,0,1,0,0,0,0,0,0,0
1456,アレルギー対策,1,0,0,0,1,0,0,0,0,0,0,0,0,0
1457,販売員さん,1,0,1,0,0,0,0,0,0,0,0,0,0,0
1458,あとＣＭ,1,1,0,0,0,0,0,0,0,0,0,0,0,0
1459,桃井かおり,1,0,0,0,1,0,0,0,0,0,0,0,0,0
1460,情報,1,0,0,0,0,1,0,0,0,0,0,0,0,0
1461,確か,1,0,0,0,0,0,0,1,0,0,0,0,0,0
1462,お勧め,1,1,0,0,0,0,0,0,0,0,0,0,0,0
1463,女性誌,1,1,0,0,0,0,0,0,0,0,0,0,0,0
1464,為ナチュラル,1,0,1,0,0,0,0,0,0,0,0,0,0,0
1465,矢田あきこ,1,0,0,0,0,1,0,0,0,0,0,0,0,0
1466,)こと,1,0,0,1,0,0,0,0,0,0,0,0,0,0
1467,ところ伸び,1,0,0,1,0,0,0,0,0,0,0,0,0,0
1468,ミューズ,1,0,1,0,0,0,0,0,0,0,0,0,0,0
1469,デザイン機能性,1,0,0,0,0,1,0,0,0,0,0,0,0,0
1470,セミマット,1,0,1,0,0,0,0,0,0,0,0,0,0,0
1471,リキットファンデーション,1,1,0,0,0,0,0,0,0,0,0,0,0,0
1472,､自然,1,0,0,0,0,1,0,0,0,0,0,0,0,0
1473,潤い感,1,0,1,0,0,0,0,0,0,0,0,0,0,0
1474,パール粒子,1,1,0,0,0,0,0,0,0,0,0,0,0,0
1475,｡仕上がり,1,0,0,0,0,0,1,0,0,0,0,0,0,0
1476,SPF25PA++,1,0,0,1,0,0,0,0,0,0,0,0,0,0
1477,仕方,1,0,0,0,0,0,1,0,0,0,0,0,0,0
1478,こだわり,1,0,0,0,0,0,1,0,0,0,0,0,0,0
1479,パクトケース,1,0,1,0,0,0,0,0,0,0,0,0,0,0
1480,練り状タイプファンデーション,1,0,0,0,0,1,0,0,0,0,0,0,0,0
1481,'GOOD',1,0,0,0,0,0,0,0,0,0,0,0,1,0
1482,脂肌,1,1,0,0,0,0,0,0,0,0,0,0,0,0
1483,ローソン,1,0,0,0,0,0,0,0,0,0,1,0,0,0
1484,密着効果,1,0,1,0,0,0,0,0,0,0,0,0,0,0
1485,クリーム系,1,0,0,0,0,0,1,0,0,0,0,0,0,0
1486,ところたま,1,1,0,0,0,0,0,0,0,0,0,0,0,0
1487,２５ｇ,1,0,0,0,1,0,0,0,0,0,0,0,0,0
1488,･すべすべ,1,1,0,0,0,0,0,0,0,0,0,0,0,0
1489,高級化粧品,1,0,0,0,0,1,0,0,0,0,0,0,0,0
1490,機能性,1,0,0,1,0,0,0,0,0,0,0,0,0,0
1491,ときノリ,1,0,1,0,0,0,0,0,0,0,0,0,0,0
1492,無鉱物質,1,0,0,0,1,0,0,0,0,0,0,0,0,0
1493,化粧負け,1,0,0,1,0,0,0,0,0,0,0,0,0,0
1494,添加,1,1,0,0,0,0,0,0,0,0,0,0,0,0
1495,ダレ,1,0,1,0,0,0,0,0,0,0,0,0,0,0
1496,一日安心,1,0,1,0,0,0,0,0,0,0,0,0,0,0
1497,生協仕様,1,0,0,0,0,0,0,1,0,0,0,0,0,0
1498,黄色,1,0,1,0,0,0,0,0,0,0,0,0,0,0
1499,細やかさ,1,1,0,0,0,0,0,0,0,0,0,0,0,0
1500,肌地,1,0,1,0,0,0,0,0,0,0,0,0,0,0
1501,半練りタイプ,1,0,0,0,0,1,0,0,0,0,0,0,0,0
1502,９５０円,1,0,0,0,1,0,0,0,0,0,0,0,0,0
1503,色ＮＯ.,1,1,0,0,0,0,0,0,0,0,0,0,0,0
1504,生活紫外線防止配合,1,0,0,0,0,1,0,0,0,0,0,0,0,0
1505,マット系,1,0,1,0,0,0,0,0,0,0,0,0,0,0
1506,ホワイトニング重視,1,0,0,0,0,1,0,0,0,0,0,0,0,0
1507,適量乾燥,1,1,0,0,0,0,0,0,0,0,0,0,0,0
1508,乳液みたい,1,0,0,1,0,0,0,0,0,0,0,0,0,0
1509,カタログ,1,0,0,0,0,0,1,0,0,0,0,0,0,0
1510,フィットスル,1,0,0,0,0,1,0,0,0,0,0,0,0,0
1511,ブランドイメージ自体,1,0,1,0,0,0,0,0,0,0,0,0,0,0
1512,それ以外,1,0,0,0,0,1,0,0,0,0,0,0,0,0
1513,大幅,1,0,0,1,0,0,0,0,0,0,0,0,0,0
1514,カジュアル,1,0,1,0,0,0,0,0,0,0,0,0,0,0
1515,最先端コスメ,1,0,0,0,0,0,0,1,0,0,0,0,0,0
1516,口元,1,1,0,0,0,0,0,0,0,0,0,0,0,0
1517,')。',1,0,1,0,0,0,0,0,0,0,0,0,0,0
1518,クチコミ,1,1,0,0,0,0,0,0,0,0,0,0,0,0
1519,ブランド全体,1,0,0,0,0,0,1,0,0,0,0,0,0,0
1520,残り,1,0,0,1,0,0,0,0,0,0,0,0,0,0
1521,紹介,1,0,0,0,0,0,0,0,0,0,1,0,0,0
1522,衣服,1,1,0,0,0,0,0,0,0,0,0,0,0,0
1523,メーカーイメージ,1,0,0,0,1,0,0,0,0,0,0,0,0,0
1524,中肌,1,1,0,0,0,0,0,0,0,0,0,0,0,0
1525,トリートメント成分,1,1,0,0,0,0,0,0,0,0,0,0,0,0
1526,スティック式,1,1,0,0,0,0,0,0,0,0,0,0,0,0
1527,親しみ,1,0,1,0,0,0,0,0,0,0,0,0,0,0
1528,薄づきタイプ,1,1,0,0,0,0,0,0,0,0,0,0,0,0
1529,もち化粧崩れ,1,0,0,0,0,0,1,0,0,0,0,0,0,0
1530,金属アレルギー対応,1,0,1,0,0,0,0,0,0,0,0,0,0,0
1531,成分的,1,0,1,0,0,0,0,0,0,0,0,0,0,0
1532,直接,1,0,0,1,0,0,0,0,0,0,0,0,0,0
1533,天然由来100％,1,0,0,0,0,0,0,1,0,0,0,0,0,0
1534,経済,1,1,0,0,0,0,0,0,0,0,0,0,0,0
1535,松たかこさん,1,1,0,0,0,0,0,0,0,0,0,0,0,0
1536,びがよくてとても使い,1,0,1,0,0,0,0,0,0,0,0,0,0,0
1537,自然的,1,0,1,0,0,0,0,0,0,0,0,0,0,0
1538,何時,1,0,1,0,0,0,0,0,0,0,0,0,0,0
1539,印象的,1,0,0,0,1,0,0,0,0,0,0,0,0,0
1540,シッカリ薄付き,1,0,0,0,0,0,0,1,0,0,0,0,0,0
1541,使用可,1,0,0,0,0,0,0,0,1,0,0,0,0,0
1542,時期,1,0,1,0,0,0,0,0,0,0,0,0,0,0
1543,特徴,1,0,0,1,0,0,0,0,0,0,0,0,0,0
1544,ガ,1,1,0,0,0,0,0,0,0,0,0,0,0,0
1545,エリクシール,1,1,0,0,0,0,0,0,0,0,0,0,0,0
1546,化粧時間,1,0,0,0,0,0,1,0,0,0,0,0,0,0
1547,状,1,0,0,0,0,0,1,0,0,0,0,0,0,0
1548,仕上がり顔,1,0,1,0,0,0,0,0,0,0,0,0,0,0
1549,３色,1,0,0,1,0,0,0,0,0,0,0,0,0,0
1550,所資生堂,1,1,0,0,0,0,0,0,0,0,0,0,0,0
1551,当時,1,1,0,0,0,0,0,0,0,0,0,0,0,0
1552,オーソドックス,1,0,0,0,0,0,1,0,0,0,0,0,0,0
1553,ぴったり,1,0,1,0,0,0,0,0,0,0,0,0,0,0
1554,日焼,1,1,0,0,0,0,0,0,0,0,0,0,0,0
1555,ヒット,1,1,0,0,0,0,0,0,0,0,0,0,0,0
1556,配達時間,1,0,0,0,0,0,1,0,0,0,0,0,0,0
1557,伸び具合,1,1,0,0,0,0,0,0,0,0,0,0,0,0
1558,清潔感,1,1,0,0,0,0,0,0,0,0,0,0,0,0
1559,ホワイトニング入り,1,0,1,0,0,0,0,0,0,0,0,0,0,0
1560,デコボコ,1,0,0,0,0,0,0,0,0,0,0,0,1,0
1561,カネボウ化粧品,1,1,0,0,0,0,0,0,0,0,0,0,0,0
1562,伸びむら,1,1,0,0,0,0,0,0,0,0,0,0,0,0
1563,敏感肌専用,1,0,1,0,0,0,0,0,0,0,0,0,0,0
1564,それひとつ,1,0,0,0,0,0,0,0,0,0,0,0,0,1
1565,シフォン,1,0,1,0,0,0,0,0,0,0,0,0,0,0
1566,皮脂吸着機能,1,1,0,0,0,0,0,0,0,0,0,0,0,0
1567,'RMK',1,0,1,0,0,0,0,0,0,0,0,0,0,0
1568,小量,1,0,0,0,0,1,0,0,0,0,0,0,0,0
1569,長期間,1,0,0,0,0,1,0,0,0,0,0,0,0,0
1570,ニキビ要望,1,0,0,0,0,1,0,0,0,0,0,0,0,0
1571,敏感対応,1,0,0,0,0,1,0,0,0,0,0,0,0,0
1572,カバー力美白力,1,0,0,1,0,0,0,0,0,0,0,0,0,0
1573,カラー等,1,0,1,0,0,0,0,0,0,0,0,0,0,0
1574,エッセンス,1,1,0,0,0,0,0,0,0,0,0,0,0,0
1575,表現,1,0,0,0,1,0,0,0,0,0,0,0,0,0
1576,ところしみ,1,1,0,0,0,0,0,0,0,0,0,0,0,0
1577,水両用タイプ,1,0,0,1,0,0,0,0,0,0,0,0,0,0
1578,ｶﾊﾞｰ,1,0,0,0,0,0,1,0,0,0,0,0,0,0
1579,UV機能,1,0,0,1,0,0,0,0,0,0,0,0,0,0
1580,リフトゥール,1,0,0,0,0,0,0,1,0,0,0,0,0,0
1581,蓋,1,0,1,0,0,0,0,0,0,0,0,0,0,0
1582,点ドラッグストア,1,1,0,0,0,0,0,0,0,0,0,0,0,0
1583,ブランド感,1,0,1,0,0,0,0,0,0,0,0,0,0,0
1584,赤ちゃん肌,1,1,0,0,0,0,0,0,0,0,0,0,0,0
1585,確実,1,0,1,0,0,0,0,0,0,0,0,0,0,0
1586,いただきもの,1,0,0,0,0,0,0,1,0,0,0,0,0,0
1587,素,1,0,0,0,0,1,0,0,0,0,0,0,0,0
1588,肌のり,1,0,1,0,0,0,0,0,0,0,0,0,0,0
1589,皮膚トラブル,1,0,0,0,0,0,1,0,0,0,0,0,0,0
1590,ひと塗り,1,0,1,0,0,0,0,0,0,0,0,0,0,0
1591,家,1,0,0,0,0,0,1,0,0,0,0,0,0,0
1592,ツルツル,1,0,0,0,0,0,0,1,0,0,0,0,0,0
1593,化粧直しパウダー代わり,1,0,0,0,0,0,0,0,1,0,0,0,0,0
1594,季節関係,1,0,1,0,0,0,0,0,0,0,0,0,0,0
1595,専用ケース,1,0,1,0,0,0,0,0,0,0,0,0,0,0
1596,ワンランクアップ,1,0,0,0,1,0,0,0,0,0,0,0,0,0
1597,とおり光,1,1,0,0,0,0,0,0,0,0,0,0,0,0
1598,敏感肌用名ところ,1,1,0,0,0,0,0,0,0,0,0,0,0,0
1599,カバーリング,1,0,1,0,0,0,0,0,0,0,0,0,0,0
1600,加藤愛,1,1,0,0,0,0,0,0,0,0,0,0,0,0
1601,化粧品売り場,1,0,0,0,1,0,0,0,0,0,0,0,0,0
1602,重点,1,0,1,0,0,0,0,0,0,0,0,0,0,0
1603,上原多香子,1,1,0,0,0,0,0,0,0,0,0,0,0,0
1604,ところこれ,1,0,0,0,0,1,0,0,0,0,0,0,0,0
1605,出具合,1,0,0,0,0,1,0,0,0,0,0,0,0,0
1606,同商品,1,0,1,0,0,0,0,0,0,0,0,0,0,0
1607,双方共,1,0,0,0,0,0,1,0,0,0,0,0,0,0
1608,基礎,1,0,0,0,0,0,1,0,0,0,0,0,0,0
1609,素敵,1,0,1,0,0,0,0,0,0,0,0,0,0,0
1610,光パウダー,1,1,0,0,0,0,0,0,0,0,0,0,0,0
1611,瞬間,1,0,0,0,1,0,0,0,0,0,0,0,0,0
1612,スマート,1,0,0,1,0,0,0,0,0,0,0,0,0,0
1613,幸せ,1,1,0,0,0,0,0,0,0,0,0,0,0,0
1614,エイジレス,1,1,0,0,0,0,0,0,0,0,0,0,0,0
1615,適切,1,1,0,0,0,0,0,0,0,0,0,0,0,0
1616,接客態度,1,0,0,0,0,1,0,0,0,0,0,0,0,0
1617,オルビスさん,1,0,0,0,0,0,0,1,0,0,0,0,0,0
1618,自慢,1,1,0,0,0,0,0,0,0,0,0,0,0,0
1619,薄づきサラ,1,0,0,0,0,0,1,0,0,0,0,0,0,0
1620,さ伸び,1,0,1,0,0,0,0,0,0,0,0,0,0,0
1621,ール,1,0,0,0,1,0,0,0,0,0,0,0,0,0
1622,アドバイス,1,0,1,0,0,0,0,0,0,0,0,0,0,0
1623,主,1,0,0,0,0,0,1,0,0,0,0,0,0,0
1624,微粒,1,1,0,0,0,0,0,0,0,0,0,0,0,0
1625,液体タイプ,1,1,0,0,0,0,0,0,0,0,0,0,0,0
1626,リキッドﾌｧﾝﾃﾞｰｼｮﾝ,1,0,0,1,0,0,0,0,0,0,0,0,0,0
1627,びがいいいから,1,0,0,0,1,0,0,0,0,0,0,0,0,0
1628,ノーマル,1,0,0,0,1,0,0,0,0,0,0,0,0,0
1629,粉タイプ,1,0,1,0,0,0,0,0,0,0,0,0,0,0
1630,落とし,1,0,0,1,0,0,0,0,0,0,0,0,0,0
1631,３か月ごと,1,0,0,0,1,0,0,0,0,0,0,0,0,0
1632,普遍,1,0,0,1,0,0,0,0,0,0,0,0,0,0
1633,筆,1,0,0,1,0,0,0,0,0,0,0,0,0,0
1634,コンシーラー,1,0,0,0,1,0,0,0,0,0,0,0,0,0
1635,コエンザイム配合,1,0,0,0,0,0,0,0,1,0,0,0,0,0
1636,UV防止効果,1,0,0,0,0,0,1,0,0,0,0,0,0,0
1637,カウンター,1,0,1,0,0,0,0,0,0,0,0,0,0,0
1638,合成色素,1,0,0,1,0,0,0,0,0,0,0,0,0,0
1639,ガード,1,0,1,0,0,0,0,0,0,0,0,0,0,0
1640,無香料自分,1,0,0,0,0,0,1,0,0,0,0,0,0,0
1641,黄味,1,0,0,0,0,0,0,0,0,0,0,0,0,1
1642,'ＦＤ',1,0,0,0,0,0,1,0,0,0,0,0,0,0
1643,材質,1,0,0,0,0,1,0,0,0,0,0,0,0,0
1644,ツヤ加減,1,0,1,0,0,0,0,0,0,0,0,0,0,0
1645,無理,1,0,1,0,0,0,0,0,0,0,0,0,0,0
1646,効果大,1,0,0,0,0,0,0,1,0,0,0,0,0,0
1647,付け心地値段,1,1,0,0,0,0,0,0,0,0,0,0,0,0
1648,自然感じ,1,0,0,0,0,0,0,1,0,0,0,0,0,0
1649,装着,1,0,0,1,0,0,0,0,0,0,0,0,0,0
1650,具合伸び,1,1,0,0,0,0,0,0,0,0,0,0,0,0
1651,美容部員さん,1,0,0,0,1,0,0,0,0,0,0,0,0,0
1652,CMキャラクター綺麗,1,0,0,0,1,0,0,0,0,0,0,0,0,0
1653,大変満足,1,1,0,0,0,0,0,0,0,0,0,0,0,0
1654,状況,1,1,0,0,0,0,0,0,0,0,0,0,0,0
1655,ニュースキン,1,0,0,0,0,0,1,0,0,0,0,0,0,0
1656,店舗,1,0,0,0,0,0,0,0,0,0,0,1,0,0
1657,キープ,1,0,1,0,0,0,0,0,0,0,0,0,0,0
1658,ナチュラルカラー,1,0,0,1,0,0,0,0,0,0,0,0,0,0
1659,日本人向け,1,0,1,0,0,0,0,0,0,0,0,0,0,0
1660,酸化剤,1,0,0,0,0,0,1,0,0,0,0,0,0,0
1661,お買い得価格,1,0,0,1,0,0,0,0,0,0,0,0,0,0
1662,予定,1,1,0,0,0,0,0,0,0,0,0,0,0,0
1663,菱,1,0,1,0,0,0,0,0,0,0,0,0,0,0
1664,自分自身,1,0,0,0,0,0,1,0,0,0,0,0,0,0
1665,５年以上,1,0,0,0,1,0,0,0,0,0,0,0,0,0
1666,オーケー,1,0,0,1,0,0,0,0,0,0,0,0,0,0
1667,タルク,1,0,0,0,0,0,0,1,0,0,0,0,0,0
1668,分もち,1,0,0,0,0,1,0,0,0,0,0,0,0,0
1669,さつい,1,1,0,0,0,0,0,0,0,0,0,0,0,0
1670,舞台用,1,1,0,0,0,0,0,0,0,0,0,0,0,0
1671,バツグン,1,0,1,0,0,0,0,0,0,0,0,0,0,0
1672,調度,1,0,0,1,0,0,0,0,0,0,0,0,0,0
1673,デュウ,1,0,0,0,1,0,0,0,0,0,0,0,0,0
1674,紫外線吸収体,1,0,0,0,0,0,1,0,0,0,0,0,0,0
1675,会員価格,1,0,0,0,0,0,1,0,0,0,0,0,0,0
1676,密着性,1,0,1,0,0,0,0,0,0,0,0,0,0,0
1677,ファンデーションノつき,1,0,0,0,0,1,0,0,0,0,0,0,0,0
1678,質感透明感コンパクト,1,0,0,0,0,0,0,1,0,0,0,0,0,0
1679,ケース付き,1,0,0,0,0,0,0,1,0,0,0,0,0,0
1680,タつき,1,1,0,0,0,0,0,0,0,0,0,0,0,0
1681,個人,1,0,0,0,0,0,0,1,0,0,0,0,0,0
1682,疲れ,1,0,1,0,0,0,0,0,0,0,0,0,0,0
1683,色デザイン,1,1,0,0,0,0,0,0,0,0,0,0,0,0
1684,びがよくさっと付き,1,0,0,0,0,0,0,1,0,0,0,0,0,0
1685,圧付き,1,0,1,0,0,0,0,0,0,0,0,0,0,0
1686,びがよくてよれない,1,1,0,0,0,0,0,0,0,0,0,0,0,0
1687,紺色,1,1,0,0,0,0,0,0,0,0,0,0,0,0
1688,UV対応,1,1,0,0,0,0,0,0,0,0,0,0,0,0
1689,'ノンパラベン・',1,0,0,1,0,0,0,0,0,0,0,0,0,0
1690,にきび用ファンデーション,1,0,0,1,0,0,0,0,0,0,0,0,0,0
1691,物質,1,0,0,0,0,0,0,1,0,0,0,0,0,0
1692,空気,1,1,0,0,0,0,0,0,0,0,0,0,0,0
1693,ぁまぁかえるねだん,1,0,1,0,0,0,0,0,0,0,0,0,0,0
1694,我が家,1,0,0,1,0,0,0,0,0,0,0,0,0,0
1695,なじみ感,1,1,0,0,0,0,0,0,0,0,0,0,0,0
1696,3ヶ月以上,1,0,0,1,0,0,0,0,0,0,0,0,0,0
1697,20％引き,1,0,0,0,0,0,0,0,0,0,0,0,0,1
1698,乳化剤,1,0,0,0,0,0,0,0,1,0,0,0,0,0
1699,一回一回,1,1,0,0,0,0,0,0,0,0,0,0,0,0
1700,体感,1,0,0,0,0,0,0,0,0,0,1,0,0,0
1701,かた,1,0,1,0,0,0,0,0,0,0,0,0,0,0
1702,二度洗い,1,0,0,0,0,0,1,0,0,0,0,0,0,0
1703,技,1,1,0,0,0,0,0,0,0,0,0,0,0,0
1704,低コスト,1,1,0,0,0,0,0,0,0,0,0,0,0,0
1705,点色,1,1,0,0,0,0,0,0,0,0,0,0,0,0
1706,30%OFF,1,1,0,0,0,0,0,0,0,0,0,0,0,0
1707,感じワンプッシュ,1,1,0,0,0,0,0,0,0,0,0,0,0,0
1708,カウンセリング,1,0,0,0,1,0,0,0,0,0,0,0,0,0
1709,分優れ,1,0,0,0,0,0,0,1,0,0,0,0,0,0
1710,漢字,1,0,0,1,0,0,0,0,0,0,0,0,0,0
1711,びのよい所,1,0,1,0,0,0,0,0,0,0,0,0,0,0
1712,びのよいところ,1,0,0,0,0,0,1,0,0,0,0,0,0,0
1713,定番,1,0,0,0,1,0,0,0,0,0,0,0,0,0
1714,西友,1,0,0,0,1,0,0,0,0,0,0,0,0,0
1715,'ＮＯＶ',1,0,1,0,0,0,0,0,0,0,0,0,0,0
1716,ところ時間,1,0,1,0,0,0,0,0,0,0,0,0,0,0
1717,ＵＶカット入り,1,1,0,0,0,0,0,0,0,0,0,0,0,0
1718,500円割引券,1,0,0,0,0,0,1,0,0,0,0,0,0,0
1719,小分けパック,1,1,0,0,0,0,0,0,0,0,0,0,0,0
1720,コンビニエンスストア,1,0,0,0,0,0,0,0,0,0,1,0,0,0
1721,１日中崩れ,1,0,0,1,0,0,0,0,0,0,0,0,0,0
1722,収納,1,0,1,0,0,0,0,0,0,0,0,0,0,0
1723,ベタッ,1,0,0,0,0,1,0,0,0,0,0,0,0,0
1724,上がり,1,0,1,0,0,0,0,0,0,0,0,0,0,0
1725,時持ち運び,1,1,0,0,0,0,0,0,0,0,0,0,0,0
1726,づれにくい,1,0,1,0,0,0,0,0,0,0,0,0,0,0
1727,ぶきっちょ,1,0,1,0,0,0,0,0,0,0,0,0,0,0
1728,セザンヌ,1,1,0,0,0,0,0,0,0,0,0,0,0,0
1729,香料等,1,0,0,0,0,0,1,0,0,0,0,0,0,0
1730,超乾燥肌,1,0,0,0,0,1,0,0,0,0,0,0,0,0
1731,安価天然素材,1,0,0,1,0,0,0,0,0,0,0,0,0,0
1732,Tゾーン,1,1,0,0,0,0,0,0,0,0,0,0,0,0
1733,消耗品,1,0,0,0,0,0,0,0,0,0,0,0,0,1
1734,ノンケミカル,1,1,0,0,0,0,0,0,0,0,0,0,0,0
1735,キツイ香り,1,0,1,0,0,0,0,0,0,0,0,0,0,0
1736,位長持ち,1,0,0,0,0,0,1,0,0,0,0,0,0,0
1737,高評価,1,0,1,0,0,0,0,0,0,0,0,0,0,0
1738,顔料,1,0,0,0,0,1,0,0,0,0,0,0,0,0
1739,'？)',1,0,0,1,0,0,0,0,0,0,0,0,0,0
1740,ナチュラル仕上げ,1,0,0,0,0,0,0,1,0,0,0,0,0,0
1741,日焼け止め入り,1,0,1,0,0,0,0,0,0,0,0,0,0,0
1742,手ごろもち,1,0,1,0,0,0,0,0,0,0,0,0,0,0
1743,普通の,1,0,0,0,1,0,0,0,0,0,0,0,0,0
1744,ハイドロキノン誘導体配合,1,0,0,1,0,0,0,0,0,0,0,0,0,0
1745,パウダー形式,1,0,0,0,0,0,1,0,0,0,0,0,0,0
1746,?（パール感,1,0,0,0,1,0,0,0,0,0,0,0,0,0
1747,文句,1,0,0,0,0,0,0,0,1,0,0,0,0,0
1748,オリーブバージンオイル使用,1,0,0,0,0,0,0,1,0,0,0,0,0,0
1749,材料,1,0,0,0,0,0,1,0,0,0,0,0,0,0
1750,ウォーターイン,1,0,1,0,0,0,0,0,0,0,0,0,0,0
1751,１０５円(税込),1,0,0,0,0,0,0,0,0,1,0,0,0,0
1752,イメージのり,1,1,0,0,0,0,0,0,0,0,0,0,0,0
1753,下,1,0,0,0,0,0,0,1,0,0,0,0,0,0
1754,なじみ塗り,1,1,0,0,0,0,0,0,0,0,0,0,0,0
1755,上記,1,0,0,0,0,0,1,0,0,0,0,0,0,0
1756,'リブ・タイラー',1,0,1,0,0,0,0,0,0,0,0,0,0,0
1757,'･･･',1,1,0,0,0,0,0,0,0,0,0,0,0,0
1758,ぶん,1,0,0,1,0,0,0,0,0,0,0,0,0,0
1759,無し両用,1,0,0,1,0,0,0,0,0,0,0,0,0,0
1760,価格自分,1,1,0,0,0,0,0,0,0,0,0,0,0,0
1761,大人ニキビ,1,0,0,1,0,0,0,0,0,0,0,0,0,0
1762,スレンダー,1,0,0,0,0,0,0,1,0,0,0,0,0,0
1763,オールシーズン使用可能,1,0,1,0,0,0,0,0,0,0,0,0,0,0
1764,汗水,1,0,0,1,0,0,0,0,0,0,0,0,0,0
1765,ホワイトニング機能,1,1,0,0,0,0,0,0,0,0,0,0,0,0
1766,ＵＶ機能,1,0,0,0,1,0,0,0,0,0,0,0,0,0
1767,買い替え,1,1,0,0,0,0,0,0,0,0,0,0,0,0
1768,ぱー,1,0,1,0,0,0,0,0,0,0,0,0,0,0
1769,水無し両用,1,0,0,0,1,0,0,0,0,0,0,0,0,0
1770,ならい,1,0,1,0,0,0,0,0,0,0,0,0,0,0
1771,かばん,1,0,0,0,0,0,0,0,0,0,1,0,0,0
1772,リフトアップ効果,1,0,1,0,0,0,0,0,0,0,0,0,0,0
1773,一年中,1,0,1,0,0,0,0,0,0,0,0,0,0,0
1774,再利用,1,0,1,0,0,0,0,0,0,0,0,0,0,0
1775,よけい,1,0,0,0,1,0,0,0,0,0,0,0,0,0
1776,同類,1,1,0,0,0,0,0,0,0,0,0,0,0,0
1777,先生,1,0,0,0,1,0,0,0,0,0,0,0,0,0
1778,後透明感,1,0,1,0,0,0,0,0,0,0,0,0,0,0
1779,美白対策,1,0,0,0,1,0,0,0,0,0,0,0,0,0
1780,購入価格,1,1,0,0,0,0,0,0,0,0,0,0,0,0
1781,リニューアル,1,0,0,0,1,0,0,0,0,0,0,0,0,0
1782,デザインノリ,1,1,0,0,0,0,0,0,0,0,0,0,0,0
1783,年間通し,1,0,0,0,1,0,0,0,0,0,0,0,0,0
1784,国内,1,0,0,0,0,0,0,1,0,0,0,0,0,0
1785,無鉱油製品,1,0,0,0,0,0,1,0,0,0,0,0,0,0
1786,一流メーカー,1,1,0,0,0,0,0,0,0,0,0,0,0,0
1787,正直可,1,0,0,0,0,0,0,0,1,0,0,0,0,0
1788,ブランド的,1,0,1,0,0,0,0,0,0,0,0,0,0,0
1789,クレージュ,1,0,1,0,0,0,0,0,0,0,0,0,0,0
1790,差,1,1,0,0,0,0,0,0,0,0,0,0,0,0
1791,壁,1,0,0,0,0,0,1,0,0,0,0,0,0,0
1792,ハリ感,1,0,0,0,0,1,0,0,0,0,0,0,0,0
1793,同時使用,1,0,0,0,0,0,1,0,0,0,0,0,0,0
1794,ベト,1,0,1,0,0,0,0,0,0,0,0,0,0,0
1795,スグレモノ,1,1,0,0,0,0,0,0,0,0,0,0,0,0
1796,薄付き肌,1,1,0,0,0,0,0,0,0,0,0,0,0,0
1797,高品質カバー力,1,0,1,0,0,0,0,0,0,0,0,0,0,0
1798,ベビー,1,1,0,0,0,0,0,0,0,0,0,0,0,0
1799,自然もち,1,0,1,0,0,0,0,0,0,0,0,0,0,0
1800,キャンペーン等,1,0,0,1,0,0,0,0,0,0,0,0,0,0
1801,話題性,1,1,0,0,0,0,0,0,0,0,0,0,0,0
1802,４２０円,1,1,0,0,0,0,0,0,0,0,0,0,0,0
1803,ダブル使い,1,1,0,0,0,0,0,0,0,0,0,0,0,0
1804,肌呼吸,1,0,0,1,0,0,0,0,0,0,0,0,0,0
1805,不自然さ,1,0,0,0,0,0,1,0,0,0,0,0,0,0
1806,ぁ,1,0,0,0,0,0,0,1,0,0,0,0,0,0
1807,周囲,1,1,0,0,0,0,0,0,0,0,0,0,0,0
1808,好印象,1,1,0,0,0,0,0,0,0,0,0,0,0,0
1809,後悔,1,0,0,0,0,0,1,0,0,0,0,0,0,0
1810,首,1,0,1,0,0,0,0,0,0,0,0,0,0,0
1811,はかさ,1,1,0,0,0,0,0,0,0,0,0,0,0,0
1812,2WAY,1,0,0,0,0,0,1,0,0,0,0,0,0,0
1813,びがよくきれいに,1,1,0,0,0,0,0,0,0,0,0,0,0,0
1814,パッケージング,1,0,0,0,1,0,0,0,0,0,0,0,0,0
1815,2Way肌,1,1,0,0,0,0,0,0,0,0,0,0,0,0
1816,効果的,1,1,0,0,0,0,0,0,0,0,0,0,0,0
1817,あとコンパクト,1,0,1,0,0,0,0,0,0,0,0,0,0,0
1818,シーズン毎,1,0,0,0,0,0,0,0,1,0,0,0,0,0
1819,クスミ,1,1,0,0,0,0,0,0,0,0,0,0,0,0
1820,あと美容液,1,0,0,0,0,0,0,0,1,0,0,0,0,0
1821,肌荒れ防止,1,0,0,1,0,0,0,0,0,0,0,0,0,0
1822,２０年位,1,1,0,0,0,0,0,0,0,0,0,0,0,0
1823,自然パウダー,1,0,1,0,0,0,0,0,0,0,0,0,0,0
1824,カバー力がち,1,1,0,0,0,0,0,0,0,0,0,0,0,0
1825,コストバリュー,1,0,0,1,0,0,0,0,0,0,0,0,0,0
1826,､トラブル,1,1,0,0,0,0,0,0,0,0,0,0,0,0
1827,オイルカットニキビ,1,0,1,0,0,0,0,0,0,0,0,0,0,0
1828,裏,1,0,0,0,0,1,0,0,0,0,0,0,0,0
1829,外装,1,0,0,0,1,0,0,0,0,0,0,0,0,0
1830,パソコン,1,0,0,1,0,0,0,0,0,0,0,0,0,0
1831,リキッド状,1,1,0,0,0,0,0,0,0,0,0,0,0,0
1832,ジャー,1,0,1,0,0,0,0,0,0,0,0,0,0,0
1833,水分量,1,0,0,0,0,0,0,0,0,0,0,0,1,0
1834,浸透,1,0,0,0,0,0,1,0,0,0,0,0,0,0
1835,(パラベン等),1,0,0,0,0,0,0,1,0,0,0,0,0,0
1836,２色,1,0,0,0,0,0,0,1,0,0,0,0,0,0
1837,'テカリ・',1,0,0,0,0,1,0,0,0,0,0,0,0,0
1838,出方,1,1,0,0,0,0,0,0,0,0,0,0,0,0
1839,ライン上,1,0,0,0,0,1,0,0,0,0,0,0,0,0
1840,鮮やか,1,0,1,0,0,0,0,0,0,0,0,0,0,0
1841,絶妙,1,0,0,0,0,1,0,0,0,0,0,0,0,0
1842,カバー力コンパクトサイズ,1,1,0,0,0,0,0,0,0,0,0,0,0,0
1843,半年,1,0,1,0,0,0,0,0,0,0,0,0,0,0
1844,ガサガサ,1,0,0,1,0,0,0,0,0,0,0,0,0,0
1845,通年,1,1,0,0,0,0,0,0,0,0,0,0,0,0
1846,リッチ,1,0,1,0,0,0,0,0,0,0,0,0,0,0
1847,単独,1,0,1,0,0,0,0,0,0,0,0,0,0,0
1848,薄づき好き,1,0,1,0,0,0,0,0,0,0,0,0,0,0
1849,uv機能,1,1,0,0,0,0,0,0,0,0,0,0,0,0
1850,スキンケア自体全部,1,0,0,1,0,0,0,0,0,0,0,0,0,0
1851,びがいいしっとり感,1,0,0,0,0,0,0,0,0,1,0,0,0,0
1852,塗り直し,1,0,1,0,0,0,0,0,0,0,0,0,0,0
1853,劇的,1,1,0,0,0,0,0,0,0,0,0,0,0,0
1854,カバーメイク,1,0,0,0,0,1,0,0,0,0,0,0,0,0
1855,直し,1,1,0,0,0,0,0,0,0,0,0,0,0,0
1856,モニター,1,0,0,0,0,0,1,0,0,0,0,0,0,0
1857,意外,1,1,0,0,0,0,0,0,0,0,0,0,0,0
1858,使い初め,1,0,1,0,0,0,0,0,0,0,0,0,0,0
1859,若干,1,1,0,0,0,0,0,0,0,0,0,0,0,0
1860,ディスプレイ,1,0,0,0,0,0,0,0,0,1,0,0,0,0
1861,色ツヤ,1,0,0,1,0,0,0,0,0,0,0,0,0,0
1862,びがよくとてもフィット感,1,0,1,0,0,0,0,0,0,0,0,0,0,0
1863,クリームみたい,1,0,0,1,0,0,0,0,0,0,0,0,0,0
1864,センス,1,0,0,0,0,1,0,0,0,0,0,0,0,0
1865,とたん,1,0,0,0,0,0,1,0,0,0,0,0,0,0
1866,ヴィヴィッドインパクトパウダー配合,1,0,1,0,0,0,0,0,0,0,0,0,0,0
1867,ベースファンデーション,1,1,0,0,0,0,0,0,0,0,0,0,0,0
1868,ぷるんとした肌,1,1,0,0,0,0,0,0,0,0,0,0,0,0
1869,伸びやか,1,0,0,0,0,0,0,1,0,0,0,0,0,0
1870,自身,1,0,0,0,0,0,0,1,0,0,0,0,0,0
1871,関係,1,0,0,0,0,0,0,1,0,0,0,0,0,0
1872,アルコール等使用,1,0,0,0,0,0,0,1,0,0,0,0,0,0
1873,あと水,1,1,0,0,0,0,0,0,0,0,0,0,0,0
1874,配色,1,1,0,0,0,0,0,0,0,0,0,0,0,0
1875,パール効果,1,1,0,0,0,0,0,0,0,0,0,0,0,0
1876,万能,1,1,0,0,0,0,0,0,0,0,0,0,0,0
1877,代用,1,1,0,0,0,0,0,0,0,0,0,0,0,0
1878,おトク,1,0,1,0,0,0,0,0,0,0,0,0,0,0
1879,妹,1,0,0,1,0,0,0,0,0,0,0,0,0,0
1880,化粧浮,1,1,0,0,0,0,0,0,0,0,0,0,0,0
1881,無石油製品,1,0,0,0,0,0,0,1,0,0,0,0,0,0
1882,毛,1,1,0,0,0,0,0,0,0,0,0,0,0,0
1883,エキス,1,0,0,0,0,0,0,0,1,0,0,0,0,0
1884,肌質感,1,0,0,0,1,0,0,0,0,0,0,0,0,0
1885,メジャー,1,1,0,0,0,0,0,0,0,0,0,0,0,0
1886,仕上がり使い方,1,0,1,0,0,0,0,0,0,0,0,0,0,0
1887,外国産,1,0,1,0,0,0,0,0,0,0,0,0,0,0
1888,色味質感,1,0,1,0,0,0,0,0,0,0,0,0,0,0
1889,ズン毎,1,1,0,0,0,0,0,0,0,0,0,0,0,0
1890,たび,1,0,0,0,0,1,0,0,0,0,0,0,0,0
1891,日焼止め効果,1,0,0,0,1,0,0,0,0,0,0,0,0,0
1892,ＳＰＦ数値,1,0,0,0,0,0,0,0,0,0,0,1,0,0
1893,あまり色,1,0,1,0,0,0,0,0,0,0,0,0,0,0
1894,こと石鹸,1,0,0,0,0,1,0,0,0,0,0,0,0,0
1895,油系,1,0,0,0,0,0,0,1,0,0,0,0,0,0
1896,アレルギー体質,1,0,0,0,1,0,0,0,0,0,0,0,0,0
1897,松嶋菜々子さん,1,0,0,0,0,0,1,0,0,0,0,0,0,0
1898,プロ,1,1,0,0,0,0,0,0,0,0,0,0,0,0
1899,ファンケル派,1,0,0,0,0,0,1,0,0,0,0,0,0,0
1900,付け過ぎ,1,0,1,0,0,0,0,0,0,0,0,0,0,0
1901,びがすごくいい,1,0,1,0,0,0,0,0,0,0,0,0,0,0
1902,びがよくむらになりにくい,1,1,0,0,0,0,0,0,0,0,0,0,0,0
1903,30分,1,0,0,0,0,0,0,0,0,1,0,0,0,0
1904,低め,1,1,0,0,0,0,0,0,0,0,0,0,0,0
1905,デザインＳＰＥ,1,1,0,0,0,0,0,0,0,0,0,0,0,0
1906,UVケア機能,1,0,0,1,0,0,0,0,0,0,0,0,0,0
1907,ミルキー,1,0,0,0,1,0,0,0,0,0,0,0,0,0
1908,夏冬両用,1,1,0,0,0,0,0,0,0,0,0,0,0,0
1909,100%オイルカット,1,0,0,1,0,0,0,0,0,0,0,0,0,0
1910,形態,1,1,0,0,0,0,0,0,0,0,0,0,0,0
1911,びがいいのと持ち,1,0,1,0,0,0,0,0,0,0,0,0,0,0
1912,カバー効果,1,0,0,0,0,0,1,0,0,0,0,0,0,0
1913,口,1,1,0,0,0,0,0,0,0,0,0,0,0,0
1914,２０００,1,0,0,0,0,0,0,0,0,0,1,0,0,0
1915,オイル成分,1,0,0,0,0,0,1,0,0,0,0,0,0,0
1916,シルキー,1,0,0,1,0,0,0,0,0,0,0,0,0,0
1917,一個4000円,1,0,0,0,0,0,0,1,0,0,0,0,0,0
1918,ボトルデザイン,1,0,0,1,0,0,0,0,0,0,0,0,0,0
1919,ニキビ防止効果,1,0,0,1,0,0,0,0,0,0,0,0,0,0
1920,'ＢＨＴ',1,0,0,0,0,0,0,0,1,0,0,0,0,0
1921,肌診断後自分,1,0,0,0,0,1,0,0,0,0,0,0,0,0
1922,発色毛穴,1,0,0,0,0,0,0,1,0,0,0,0,0,0
1923,数,1,0,0,0,0,0,1,0,0,0,0,0,0,0
1924,しっとり感成,1,0,1,0,0,0,0,0,0,0,0,0,0,0
1925,美容成分配合,1,0,0,0,0,1,0,0,0,0,0,0,0,0
1926,シルク配合,1,0,0,0,0,0,1,0,0,0,0,0,0,0
1927,デザインなじみ具合,1,0,1,0,0,0,0,0,0,0,0,0,0,0
1928,資生堂ブランド,1,0,1,0,0,0,0,0,0,0,0,0,0,0
1929,舞台,1,0,0,0,1,0,0,0,0,0,0,0,0,0
1930,端正,1,0,0,1,0,0,0,0,0,0,0,0,0,0
1931,購入商品,1,0,0,0,0,0,1,0,0,0,0,0,0,0
1932,shuuemura,1,0,1,0,0,0,0,0,0,0,0,0,0,0
1933,催促,1,0,0,0,0,0,0,0,1,0,0,0,0,0
1934,肌ﾄﾗﾌﾞﾙ,1,0,0,0,1,0,0,0,0,0,0,0,0,0
1935,ステキ,1,1,0,0,0,0,0,0,0,0,0,0,0,0
1936,傾向,1,0,0,0,0,1,0,0,0,0,0,0,0,0
1937,オークル色,1,1,0,0,0,0,0,0,0,0,0,0,0,0
1938,ファンケル製品,1,0,0,1,0,0,0,0,0,0,0,0,0,0
1939,２色使い,1,0,1,0,0,0,0,0,0,0,0,0,0,0
1940,ｱﾈｯｻ,1,1,0,0,0,0,0,0,0,0,0,0,0,0
1941,高級感高品質使用,1,0,0,0,0,1,0,0,0,0,0,0,0,0
1942,皮脂崩れ,1,0,1,0,0,0,0,0,0,0,0,0,0,0
1943,長続き,1,0,1,0,0,0,0,0,0,0,0,0,0,0
1944,ミネラル成分,1,0,0,1,0,0,0,0,0,0,0,0,0,0
1945,､長時間,1,1,0,0,0,0,0,0,0,0,0,0,0,0
1946,石油系界面活性剤,1,0,0,0,0,0,0,1,0,0,0,0,0,0
1947,人体,1,0,0,1,0,0,0,0,0,0,0,0,0,0
1948,好き透明感,1,0,1,0,0,0,0,0,0,0,0,0,0,0
1949,ビタミンA,1,0,0,0,0,0,0,1,0,0,0,0,0,0
1950,身だしなみ,1,0,0,0,0,0,0,0,0,0,0,0,0,1
1951,ニキビケア,1,0,0,0,0,0,0,1,0,0,0,0,0,0
1952,ニキビ肌用,1,0,0,1,0,0,0,0,0,0,0,0,0,0
1953,ファンデーシヨン,1,0,1,0,0,0,0,0,0,0,0,0,0,0
1954,びがよい,1,0,0,0,1,0,0,0,0,0,0,0,0,0
1955,売り場,1,0,0,0,1,0,0,0,0,0,0,0,0,0
1956,でこぼこ,1,0,0,0,1,0,0,0,0,0,0,0,0,0
1957,スチック型,1,0,0,0,1,0,0,0,0,0,0,0,0,0
1958,ツーウェイファンデーション,1,0,0,1,0,0,0,0,0,0,0,0,0,0
1959,オールシーズンOK,1,1,0,0,0,0,0,0,0,0,0,0,0,0
1960,日本離れ,1,0,0,0,0,1,0,0,0,0,0,0,0,0
1961,美容成分たっぷり,1,0,0,1,0,0,0,0,0,0,0,0,0,0
1962,黒一色,1,1,0,0,0,0,0,0,0,0,0,0,0,0
1963,ところドラッグストア,1,1,0,0,0,0,0,0,0,0,0,0,0,0
1964,買得,1,1,0,0,0,0,0,0,0,0,0,0,0,0
1965,ホコリ,1,0,1,0,0,0,0,0,0,0,0,0,0,0
1966,お付き合い,1,0,0,0,0,0,1,0,0,0,0,0,0,0
1967,試用期間中,1,0,0,0,0,0,1,0,0,0,0,0,0,0
1968,仕上がり｡今,1,0,0,0,0,0,1,0,0,0,0,0,0,0
1969,かささ,1,0,0,1,0,0,0,0,0,0,0,0,0,0
1970,しよう,1,1,0,0,0,0,0,0,0,0,0,0,0,0
1971,腕,1,1,0,0,0,0,0,0,0,0,0,0,0,0
1972,ょく,1,0,0,1,0,0,0,0,0,0,0,0,0,0
1973,グレード,1,0,0,0,0,0,0,1,0,0,0,0,0,0
1974,程度,1,0,0,0,0,1,0,0,0,0,0,0,0,0
1975,一つづつ包装,1,1,0,0,0,0,0,0,0,0,0,0,0,0
1976,それ以来,1,1,0,0,0,0,0,0,0,0,0,0,0,0
1977,パウダー粒子,1,0,1,0,0,0,0,0,0,0,0,0,0,0
1978,ムレ,1,0,0,0,0,0,1,0,0,0,0,0,0,0
1979,説明,1,0,1,0,0,0,0,0,0,0,0,0,0,0
1980,それぞれ,1,0,0,0,0,0,1,0,0,0,0,0,0,0
1981,ニキビ肌対応,1,0,1,0,0,0,0,0,0,0,0,0,0,0
1982,所パッケージ,1,0,0,0,1,0,0,0,0,0,0,0,0,0
1983,発色むら,1,0,1,0,0,0,0,0,0,0,0,0,0,0
1984,びやつきがよくカバー力,1,1,0,0,0,0,0,0,0,0,0,0,0,0
1985,研究開発費,1,0,0,0,1,0,0,0,0,0,0,0,0,0
1986,米粒,1,0,0,0,0,1,0,0,0,0,0,0,0,0
1987,粉白粉,1,0,1,0,0,0,0,0,0,0,0,0,0,0
1988,混合肌用,1,0,0,0,0,0,1,0,0,0,0,0,0,0
1989,品切れ,1,1,0,0,0,0,0,0,0,0,0,0,0,0
1990,切り替え,1,0,0,0,1,0,0,0,0,0,0,0,0,0
1991,自然カバー力,1,0,0,0,0,1,0,0,0,0,0,0,0,0
1992,粉ふか,1,0,0,0,0,0,0,0,0,0,0,0,1,0
1993,こと３０００円,1,1,0,0,0,0,0,0,0,0,0,0,0,0
1994,アニエスベーそのもの,1,0,0,0,0,0,1,0,0,0,0,0,0,0
1995,リサージ,1,0,0,0,0,1,0,0,0,0,0,0,0,0
1996,悪影響,1,0,0,1,0,0,0,0,0,0,0,0,0,0
1997,名前,1,1,0,0,0,0,0,0,0,0,0,0,0,0
1998,さ?,1,0,0,0,0,0,0,0,1,0,0,0,0,0
1999,敏感性肌,1,0,0,0,0,0,1,0,0,0,0,0,0,0
2000,ベンリ,1,1,0,0,0,0,0,0,0,0,0,0,0,0
2001,ところ厚塗り,1,0,1,0,0,0,0,0,0,0,0,0,0,0
2002,最低限,1,1,0,0,0,0,0,0,0,0,0,0,0,0
2003,1ランク,1,0,0,0,0,0,0,0,0,1,0,0,0,0
2004,キレイ毛穴,1,1,0,0,0,0,0,0,0,0,0,0,0,0
2005,クリヤ系,1,0,0,0,1,0,0,0,0,0,0,0,0,0
2006,びがよくて化粧崩れ,1,0,0,0,0,0,1,0,0,0,0,0,0,0
2007,炎症,1,1,0,0,0,0,0,0,0,0,0,0,0,0
2008,ＵＶ値,1,0,0,0,0,0,1,0,0,0,0,0,0,0
2009,海洋深層水使用,1,0,1,0,0,0,0,0,0,0,0,0,0,0
2010,石油系鉱物油,1,0,0,1,0,0,0,0,0,0,0,0,0,0
2011,'､',1,1,0,0,0,0,0,0,0,0,0,0,0,0
2012,付き感,1,0,1,0,0,0,0,0,0,0,0,0,0,0
2013,直ぐ,1,1,0,0,0,0,0,0,0,0,0,0,0,0
2014,事前,1,0,0,0,0,1,0,0,0,0,0,0,0,0
2015,美,1,1,0,0,0,0,0,0,0,0,0,0,0,0
2016,写真映り,1,0,1,0,0,0,0,0,0,0,0,0,0,0
2017,ＵＶ対策値段,1,1,0,0,0,0,0,0,0,0,0,0,0,0
2018,ところ粒子,1,0,1,0,0,0,0,0,0,0,0,0,0,0
2019,歯,1,1,0,0,0,0,0,0,0,0,0,0,0,0
2020,アレルギー持ち,1,1,0,0,0,0,0,0,0,0,0,0,0,0
2021,ズナブル,1,0,0,0,0,0,0,1,0,0,0,0,0,0
2022,ワリ,1,0,0,1,0,0,0,0,0,0,0,0,0,0
2023,蛍光灯等,1,0,0,0,0,0,0,1,0,0,0,0,0,0
2024,新作,1,0,1,0,0,0,0,0,0,0,0,0,0,0
2025,廉価酸化,1,0,0,1,0,0,0,0,0,0,0,0,0,0
2026,ばく,1,0,0,1,0,0,0,0,0,0,0,0,0,0
2027,汗皮脂,1,1,0,0,0,0,0,0,0,0,0,0,0,0
2028,びるうすづきだけどしっかりカバー,1,0,1,0,0,0,0,0,0,0,0,0,0,0
2029,肌表面,1,1,0,0,0,0,0,0,0,0,0,0,0,0
2030,らいところ,1,0,1,0,0,0,0,0,0,0,0,0,0,0
2031,安定粉,1,0,0,0,1,0,0,0,0,0,0,0,0,0
2032,くし,1,0,0,0,0,1,0,0,0,0,0,0,0,0
2033,化粧自体,1,0,0,0,0,0,0,1,0,0,0,0,0,0
2034,好きＤＳ,1,1,0,0,0,0,0,0,0,0,0,0,0,0
2035,国内資本,1,0,1,0,0,0,0,0,0,0,0,0,0,0
2036,一日粉,1,0,1,0,0,0,0,0,0,0,0,0,0,0
2037,・色,1,1,0,0,0,0,0,0,0,0,0,0,0,0
2038,カバー力(,1,0,0,0,1,0,0,0,0,0,0,0,0,0
2039,一日中コンヂション,1,0,0,1,0,0,0,0,0,0,0,0,0,0
2040,ことホワイトニング効果手軽,1,0,1,0,0,0,0,0,0,0,0,0,0,0
2041,表,1,0,0,0,0,1,0,0,0,0,0,0,0,0
2042,インナードライ肌,1,0,0,1,0,0,0,0,0,0,0,0,0,0
2043,柄,1,0,1,0,0,0,0,0,0,0,0,0,0,0
2044,'3',1,0,0,0,0,0,0,0,1,0,0,0,0,0
2045,無添加薄付きＳＰＦ,1,0,0,0,0,1,0,0,0,0,0,0,0,0
2046,アピール,1,0,0,0,1,0,0,0,0,0,0,0,0,0
2047,膚,1,0,0,0,0,1,0,0,0,0,0,0,0,0
2048,値引き,1,0,0,0,1,0,0,0,0,0,0,0,0,0
2049,今話題,1,1,0,0,0,0,0,0,0,0,0,0,0,0
2050,ベージュオークル１１使用中,1,0,0,0,1,0,0,0,0,0,0,0,0,0
2051,１０年来,1,0,0,0,0,0,1,0,0,0,0,0,0,0
2052,一流ブランド,1,0,0,1,0,0,0,0,0,0,0,0,0,0
2053,コンビ,1,0,0,0,0,0,0,0,0,0,1,0,0,0
2054,限定品,1,0,1,0,0,0,0,0,0,0,0,0,0,0
2055,オルビス,1,0,0,1,0,0,0,0,0,0,0,0,0,0
2056,固形ファンデーション,1,0,1,0,0,0,0,0,0,0,0,0,0,0
2057,点UVカット使用,1,1,0,0,0,0,0,0,0,0,0,0,0,0
2058,紫外線カット機能,1,1,0,0,0,0,0,0,0,0,0,0,0,0
2059,カバー力抜群,1,0,0,0,0,1,0,0,0,0,0,0,0,0
2060,光拡散作用,1,0,0,1,0,0,0,0,0,0,0,0,0,0
2061,１０００円以下,1,1,0,0,0,0,0,0,0,0,0,0,0,0
2062,固形クリーム状,1,0,1,0,0,0,0,0,0,0,0,0,0,0
2063,天然由来成分,1,0,0,0,0,0,1,0,0,0,0,0,0,0
2064,あと自分,1,1,0,0,0,0,0,0,0,0,0,0,0,0
2065,志向,1,1,0,0,0,0,0,0,0,0,0,0,0,0
2066,洗顔剤,1,0,0,0,0,0,0,1,0,0,0,0,0,0
2067,遜色,1,0,0,0,0,0,0,1,0,0,0,0,0,0
2068,パールみたい,1,0,0,0,0,1,0,0,0,0,0,0,0,0
2069,お世話,1,0,0,0,0,1,0,0,0,0,0,0,0,0
2070,ウリ,1,0,0,0,1,0,0,0,0,0,0,0,0,0
2071,サーッ,1,0,1,0,0,0,0,0,0,0,0,0,0,0
2072,UVカットシリーズ,1,0,0,1,0,0,0,0,0,0,0,0,0,0
2073,人気化粧品,1,1,0,0,0,0,0,0,0,0,0,0,0,0
2074,こと自体,1,0,0,0,0,0,0,0,1,0,0,0,0,0
2075,ところ発色,1,0,0,1,0,0,0,0,0,0,0,0,0,0
2076,乳児,1,1,0,0,0,0,0,0,0,0,0,0,0,0
2077,支払方法,1,0,0,0,0,0,1,0,0,0,0,0,0,0
2078,機,1,1,0,0,0,0,0,0,0,0,0,0,0,0
2079,低価格コンビニ,1,0,0,0,0,0,0,0,0,0,1,0,0,0
2080,液状タイプ,1,0,0,0,0,0,1,0,0,0,0,0,0,0
2081,ガバー力,1,0,0,1,0,0,0,0,0,0,0,0,0,0
2082,時代,1,1,0,0,0,0,0,0,0,0,0,0,0,0
2083,松たかこ紫外線,1,1,0,0,0,0,0,0,0,0,0,0,0,0
2084,合成保存料,1,0,0,0,0,0,0,1,0,0,0,0,0,0
2085,メーカーみたい,1,0,1,0,0,0,0,0,0,0,0,0,0,0
2086,配合物,1,0,0,0,0,0,0,1,0,0,0,0,0,0
2087,肌状況,1,0,0,0,0,0,0,1,0,0,0,0,0,0
2088,LVMH系列,1,0,0,0,0,1,0,0,0,0,0,0,0,0
2089,触感,1,0,1,0,0,0,0,0,0,0,0,0,0,0
2090,気楽さ,1,1,0,0,0,0,0,0,0,0,0,0,0,0
2091,ツア,1,0,0,0,0,0,0,1,0,0,0,0,0,0
2092,年齢相応,1,0,0,0,1,0,0,0,0,0,0,0,0,0
2093,クール,1,1,0,0,0,0,0,0,0,0,0,0,0,0
2094,個人配達,1,0,0,0,0,0,0,1,0,0,0,0,0,0
2095,しんぱい,1,0,0,0,0,1,0,0,0,0,0,0,0,0
2096,美容室,1,0,0,0,0,0,0,1,0,0,0,0,0,0
2097,オリーブバージンオイル,1,0,0,0,0,0,1,0,0,0,0,0,0,0
2098,静脈,1,0,1,0,0,0,0,0,0,0,0,0,0,0
2099,全成分表示,1,0,0,0,1,0,0,0,0,0,0,0,0,0
2100,化粧ﾉﾘ,1,1,0,0,0,0,0,0,0,0,0,0,0,0
2101,オレンジスキン,1,0,1,0,0,0,0,0,0,0,0,0,0,0
2102,不使用安心,1,0,0,1,0,0,0,0,0,0,0,0,0,0
2103,10000円購入,1,0,0,0,0,0,1,0,0,0,0,0,0,0
2104,正直,1,0,0,0,1,0,0,0,0,0,0,0,0,0
2105,潤い成分,1,0,0,0,0,0,0,1,0,0,0,0,0,0
2106,オウトツ,1,0,0,0,1,0,0,0,0,0,0,0,0,0
2107,好き香り,1,0,0,0,0,1,0,0,0,0,0,0,0,0
2108,ぷなのに付け心地,1,0,1,0,0,0,0,0,0,0,0,0,0,0
2109,ウオータープルーフ,1,1,0,0,0,0,0,0,0,0,0,0,0,0
2110,五年,1,1,0,0,0,0,0,0,0,0,0,0,0,0
2111,あまり違い,1,0,0,0,1,0,0,0,0,0,0,0,0,0
2112,何年間,1,1,0,0,0,0,0,0,0,0,0,0,0,0
2113,大切,1,0,0,0,0,0,1,0,0,0,0,0,0,0
2114,フォギー肌,1,0,1,0,0,0,0,0,0,0,0,0,0,0
2115,色数,1,0,1,0,0,0,0,0,0,0,0,0,0,0
2116,爽やか,1,0,1,0,0,0,0,0,0,0,0,0,0,0
2117,仕上がり色,1,1,0,0,0,0,0,0,0,0,0,0,0,0
2118,子持ち,1,0,0,0,0,0,0,0,1,0,0,0,0,0
2119,スプレー式,1,0,1,0,0,0,0,0,0,0,0,0,0,0
2120,良心的,1,1,0,0,0,0,0,0,0,0,0,0,0,0
2121,好き｡,1,0,0,1,0,0,0,0,0,0,0,0,0,0
2122,それ一個,1,1,0,0,0,0,0,0,0,0,0,0,0,0
2123,はり,1,0,1,0,0,0,0,0,0,0,0,0,0,0
2124,人気,1,1,0,0,0,0,0,0,0,0,0,0,0,0
2125,カバー力がわり,1,1,0,0,0,0,0,0,0,0,0,0,0,0
2126,ホント,1,1,0,0,0,0,0,0,0,0,0,0,0,0
2127,肌さわり,1,1,0,0,0,0,0,0,0,0,0,0,0,0
2128,マットタイプ,1,0,0,0,0,0,1,0,0,0,0,0,0,0
2129,春夏用,1,1,0,0,0,0,0,0,0,0,0,0,0,0
2130,水ファン,1,0,0,0,0,0,0,1,0,0,0,0,0,0
2131,あたし,1,0,1,0,0,0,0,0,0,0,0,0,0,0
2132,通常,1,0,0,1,0,0,0,0,0,0,0,0,0,0
2133,ＳＰＦ23,1,0,0,0,0,0,0,0,0,0,0,1,0,0
2134,落ち,1,0,0,0,1,0,0,0,0,0,0,0,0,0
2135,オリーブオイル配合,1,0,0,0,0,0,0,1,0,0,0,0,0,0
2136,高級そう,1,0,1,0,0,0,0,0,0,0,0,0,0,0
2137,段,1,1,0,0,0,0,0,0,0,0,0,0,0,0
2138,不自然,1,1,0,0,0,0,0,0,0,0,0,0,0,0
2139,外,1,1,0,0,0,0,0,0,0,0,0,0,0,0
2140,UVカット力,1,0,0,0,0,0,1,0,0,0,0,0,0,0
2141,乾燥気味,1,0,0,0,1,0,0,0,0,0,0,0,0,0
2142,使い回し,1,0,0,0,0,0,1,0,0,0,0,0,0,0
2143,購入可能,1,0,0,0,0,0,1,0,0,0,0,0,0,0
2144,')',1,1,0,0,0,0,0,0,0,0,0,0,0,0
2145,ピジョン,1,1,0,0,0,0,0,0,0,0,0,0,0,0
2146,シミそばかす,1,0,0,0,0,1,0,0,0,0,0,0,0,0
2147,ワタシ,1,1,0,0,0,0,0,0,0,0,0,0,0,0
2148,ふう,1,0,1,0,0,0,0,0,0,0,0,0,0,0
2149,ノンコメドジェニック,1,1,0,0,0,0,0,0,0,0,0,0,0,0
2150,シットリ,1,0,0,0,0,0,0,0,0,1,0,0,0,0
2151,リキッド状ファンデーション,1,0,0,0,1,0,0,0,0,0,0,0,0,0
2152,ノンアルコール,1,0,0,1,0,0,0,0,0,0,0,0,0,0
2153,割引率,1,0,0,0,0,0,1,0,0,0,0,0,0,0
2154,エイボン,1,0,0,1,0,0,0,0,0,0,0,0,0,0
2155,ブラック,1,1,0,0,0,0,0,0,0,0,0,0,0,0
2156,化学製品,1,0,0,0,0,0,1,0,0,0,0,0,0,0
2157,安物,1,0,0,0,0,0,0,1,0,0,0,0,0,0
2158,角,1,1,0,0,0,0,0,0,0,0,0,0,0,0
2159,上位,1,1,0,0,0,0,0,0,0,0,0,0,0,0
2160,スポーツファンディーション,1,1,0,0,0,0,0,0,0,0,0,0,0,0
2161,ため安心感,1,1,0,0,0,0,0,0,0,0,0,0,0,0
2162,悩み,1,0,1,0,0,0,0,0,0,0,0,0,0,0
2163,み明記,1,1,0,0,0,0,0,0,0,0,0,0,0,0
2164,est,1,0,1,0,0,0,0,0,0,0,0,0,0,0
2165,痕,1,1,0,0,0,0,0,0,0,0,0,0,0,0
2166,パウダー不要,1,0,0,0,0,0,0,1,0,0,0,0,0,0
2167,'リキッド・ファンデーション',1,1,0,0,0,0,0,0,0,0,0,0,0,0
2168,ジェル状ファンデーション,1,1,0,0,0,0,0,0,0,0,0,0,0,0
2169,美肌,1,0,0,0,0,0,0,0,1,0,0,0,0,0
2170,乳化,1,0,0,0,0,1,0,0,0,0,0,0,0,0
2171,白め,1,1,0,0,0,0,0,0,0,0,0,0,0,0
2172,薄月つき,1,0,1,0,0,0,0,0,0,0,0,0,0,0
2173,穂,1,0,1,0,0,0,0,0,0,0,0,0,0,0
2174,毎年,1,1,0,0,0,0,0,0,0,0,0,0,0,0
2175,お化粧のり,1,0,0,0,0,0,0,1,0,0,0,0,0,0
2176,びやすくつけやすいこと,1,0,1,0,0,0,0,0,0,0,0,0,0,0
2177,遠方,1,0,0,0,0,0,0,1,0,0,0,0,0,0
2178,ホームセンター,1,0,0,0,0,0,0,0,0,0,0,0,0,1
2179,以外,1,0,0,1,0,0,0,0,0,0,0,0,0,0
2180,(自分,1,0,0,1,0,0,0,0,0,0,0,0,0,0
2181,学校,1,1,0,0,0,0,0,0,0,0,0,0,0,0
2182,金色,1,0,1,0,0,0,0,0,0,0,0,0,0,0
2183,優秀,1,0,1,0,0,0,0,0,0,0,0,0,0,0
2184,そうコーセ,1,1,0,0,0,0,0,0,0,0,0,0,0,0
2185,水有,1,1,0,0,0,0,0,0,0,0,0,0,0,0
2186,安全そう,1,0,1,0,0,0,0,0,0,0,0,0,0,0
2187,テカリ・べたつき,1,0,0,0,1,0,0,0,0,0,0,0,0,0
2188,バッグ,1,1,0,0,0,0,0,0,0,0,0,0,0,0
2189,日焼け止めクリーム,1,1,0,0,0,0,0,0,0,0,0,0,0,0
2190,一日中化粧,1,0,0,1,0,0,0,0,0,0,0,0,0,0
2191,スクワラン配合,1,0,0,0,0,0,1,0,0,0,0,0,0,0
2192,大体,1,1,0,0,0,0,0,0,0,0,0,0,0,0
2193,春,1,1,0,0,0,0,0,0,0,0,0,0,0,0
2194,馴染み具合,1,1,0,0,0,0,0,0,0,0,0,0,0,0
2195,害,1,0,0,1,0,0,0,0,0,0,0,0,0,0
2196,癖,1,0,0,0,1,0,0,0,0,0,0,0,0,0
2197,点UVカット,1,1,0,0,0,0,0,0,0,0,0,0,0,0
2198,発表,1,0,0,0,1,0,0,0,0,0,0,0,0,0
2199,妙,1,0,1,0,0,0,0,0,0,0,0,0,0,0
2200,化粧後,1,1,0,0,0,0,0,0,0,0,0,0,0,0
2201,エステ先,1,0,0,0,0,0,0,1,0,0,0,0,0,0
2202,無鉱物,1,0,1,0,0,0,0,0,0,0,0,0,0,0
2203,合成分,1,1,0,0,0,0,0,0,0,0,0,0,0,0
2204,どろどろ,1,0,1,0,0,0,0,0,0,0,0,0,0,0
2205,調製,1,0,0,0,0,0,0,1,0,0,0,0,0,0
2206,対抗,1,1,0,0,0,0,0,0,0,0,0,0,0,0
2207,エステサロン専売品,1,0,0,0,0,0,0,1,0,0,0,0,0,0
2208,イエロー系,1,1,0,0,0,0,0,0,0,0,0,0,0,0
2209,SPF18,1,0,0,0,1,0,0,0,0,0,0,0,0,0
2210,今更,1,0,0,0,0,0,1,0,0,0,0,0,0,0
2211,有名ブランド物,1,0,0,0,0,0,0,0,0,1,0,0,0,0
2212,オルビス自体,1,0,0,0,0,0,1,0,0,0,0,0,0,0
2213,目元,1,1,0,0,0,0,0,0,0,0,0,0,0,0
2214,値段相応,1,0,0,0,0,0,0,1,0,0,0,0,0,0
2215,'アテニア・・・',1,0,0,0,0,0,1,0,0,0,0,0,0,0
2216,ﾉﾘ,1,0,0,0,0,1,0,0,0,0,0,0,0,0
2217,費用対効果肌,1,0,0,0,0,0,0,0,0,1,0,0,0,0
2218,便利スポンジ,1,0,1,0,0,0,0,0,0,0,0,0,0,0
2219,肌艶,1,0,1,0,0,0,0,0,0,0,0,0,0,0
2220,紫外線カット率,1,0,0,0,0,1,0,0,0,0,0,0,0,0
2221,テ力リ,1,1,0,0,0,0,0,0,0,0,0,0,0,0
2222,渇き,1,0,1,0,0,0,0,0,0,0,0,0,0,0
2223,日本,1,0,1,0,0,0,0,0,0,0,0,0,0,0
2224,自然素材パウダー,1,1,0,0,0,0,0,0,0,0,0,0,0,0
2225,'!!!',1,0,0,0,0,1,0,0,0,0,0,0,0,0
2226,カバー力肌,1,0,1,0,0,0,0,0,0,0,0,0,0,0
2227,､コンパクト,1,0,0,0,0,0,1,0,0,0,0,0,0,0
2228,手ごろ美容部員さん,1,0,0,0,0,0,0,0,0,0,0,0,0,1
2229,仕上がりぐあい,1,0,0,0,0,1,0,0,0,0,0,0,0,0
2230,日焼け予防効果化粧崩れ,1,0,0,0,0,1,0,0,0,0,0,0,0,0
2231,油浮き,1,0,0,0,0,1,0,0,0,0,0,0,0,0
2232,本来,1,1,0,0,0,0,0,0,0,0,0,0,0,0
2233,水おしろい,1,0,0,0,0,1,0,0,0,0,0,0,0,0
2234,5500円,1,0,1,0,0,0,0,0,0,0,0,0,0,0
2235,やつ,1,0,0,0,0,1,0,0,0,0,0,0,0,0
2236,肌浮き,1,0,1,0,0,0,0,0,0,0,0,0,0,0
2237,ノンコメドチェック済み,1,0,0,1,0,0,0,0,0,0,0,0,0,0
2238,化粧崩れ防止効果,1,0,0,1,0,0,0,0,0,0,0,0,0,0
2239,触れ込み,1,0,0,0,0,1,0,0,0,0,0,0,0,0
2240,ベース用,1,0,0,0,0,1,0,0,0,0,0,0,0,0
2241,加藤あいのCM,1,1,0,0,0,0,0,0,0,0,0,0,0,0
2242,労,1,0,0,0,0,0,1,0,0,0,0,0,0,0
2243,シミ等,1,0,0,0,0,0,0,1,0,0,0,0,0,0
2244,選択肢,1,0,0,0,0,0,1,0,0,0,0,0,0,0
2245,平均的,1,1,0,0,0,0,0,0,0,0,0,0,0,0
2246,松さん,1,1,0,0,0,0,0,0,0,0,0,0,0,0
2247,ブロンズ肌,1,0,0,0,0,0,1,0,0,0,0,0,0,0
2248,使い始め,1,0,0,0,0,1,0,0,0,0,0,0,0,0
2249,コンビ二,1,1,0,0,0,0,0,0,0,0,0,0,0,0
2250,作業,1,0,0,1,0,0,0,0,0,0,0,0,0,0
2251,/,1,1,0,0,0,0,0,0,0,0,0,0,0,0
2252,横長,1,1,0,0,0,0,0,0,0,0,0,0,0,0
2253,クリーミー,1,0,0,0,0,0,1,0,0,0,0,0,0,0
2254,total,1,0,0,1,0,0,0,0,0,0,0,0,0,0
2255,化粧品特有,1,0,1,0,0,0,0,0,0,0,0,0,0,0
2256,メイク落とし,1,0,0,1,0,0,0,0,0,0,0,0,0,0
2257,汗かき,1,1,0,0,0,0,0,0,0,0,0,0,0,0
2258,ロレアル,1,0,0,1,0,0,0,0,0,0,0,0,0,0
2259,常盤貴子さん,1,1,0,0,0,0,0,0,0,0,0,0,0,0
2260,多く,1,1,0,0,0,0,0,0,0,0,0,0,0,0
2261,大学,1,0,1,0,0,0,0,0,0,0,0,0,0,0
2262,びがいいから,1,0,1,0,0,0,0,0,0,0,0,0,0,0
2263,洋服,1,0,0,0,1,0,0,0,0,0,0,0,0,0
2264,トリートメント,1,1,0,0,0,0,0,0,0,0,0,0,0,0
2265,紫外線カット肌,1,1,0,0,0,0,0,0,0,0,0,0,0,0
2266,研究,1,0,1,0,0,0,0,0,0,0,0,0,0,0
2267,ところ薄つき,1,0,1,0,0,0,0,0,0,0,0,0,0,0
2268,美容液ファンデーション,1,0,0,1,0,0,0,0,0,0,0,0,0,0
2269,UVディベース,1,0,0,0,0,0,1,0,0,0,0,0,0,0
2270,カーバー,1,1,0,0,0,0,0,0,0,0,0,0,0,0
2271,ナチュラル仕上げ伸び,1,0,1,0,0,0,0,0,0,0,0,0,0,0
2272,最新,1,1,0,0,0,0,0,0,0,0,0,0,0,0
2273,あと時間,1,0,0,1,0,0,0,0,0,0,0,0,0,0
2274,お得感,1,0,1,0,0,0,0,0,0,0,0,0,0,0
2275,有効,1,1,0,0,0,0,0,0,0,0,0,0,0,0
2276,一回ごと,1,0,1,0,0,0,0,0,0,0,0,0,0,0
2277,手入れ,1,1,0,0,0,0,0,0,0,0,0,0,0,0
2278,ボディショップブランド,1,0,0,0,0,1,0,0,0,0,0,0,0,0
2279,スベスベ感,1,0,1,0,0,0,0,0,0,0,0,0,0,0
2280,1日,1,0,0,0,0,0,0,1,0,0,0,0,0,0
2281,丈夫,1,1,0,0,0,0,0,0,0,0,0,0,0,0
2282,20％オフ,1,1,0,0,0,0,0,0,0,0,0,0,0,0
2283,'２',1,0,0,0,1,0,0,0,0,0,0,0,0,0
2284,ところアレルギーテスト済み,1,0,0,0,0,0,0,0,1,0,0,0,0,0
2285,天然成分１００％,1,0,0,0,0,0,1,0,0,0,0,0,0,0
2286,なじみ透明感,1,0,0,0,0,1,0,0,0,0,0,0,0,0
2287,入れ替え,1,0,0,0,0,0,1,0,0,0,0,0,0,0
2288,ﾉｰメイク,1,1,0,0,0,0,0,0,0,0,0,0,0,0
2289,宣伝費,1,0,0,0,1,0,0,0,0,0,0,0,0,0
2290,テレビＣＭ,1,1,0,0,0,0,0,0,0,0,0,0,0,0
2291,乾性,1,0,0,0,0,1,0,0,0,0,0,0,0,0
2292,漢方,1,1,0,0,0,0,0,0,0,0,0,0,0,0
2293,アトピー用,1,1,0,0,0,0,0,0,0,0,0,0,0,0
2294,つぼみ,1,0,1,0,0,0,0,0,0,0,0,0,0,0
2295,'FD',1,0,0,0,0,0,1,0,0,0,0,0,0,0
2296,１０数年前,1,0,0,0,1,0,0,0,0,0,0,0,0,0
2297,きりタイプ,1,1,0,0,0,0,0,0,0,0,0,0,0,0
2298,元気,1,1,0,0,0,0,0,0,0,0,0,0,0,0
2299,無駄,1,0,1,0,0,0,0,0,0,0,0,0,0,0
2300,セブンイレブン,1,0,0,0,0,0,0,0,0,0,1,0,0,0
2301,ファンデーションケース,1,0,0,1,0,0,0,0,0,0,0,0,0,0
2302,スムースジェルファンデーション,1,1,0,0,0,0,0,0,0,0,0,0,0,0
2303,クマ,1,0,0,0,1,0,0,0,0,0,0,0,0,0
2304,購入店,1,1,0,0,0,0,0,0,0,0,0,0,0,0
2305,わたし,1,0,0,0,0,1,0,0,0,0,0,0,0,0
2306,開き,1,0,1,0,0,0,0,0,0,0,0,0,0,0
2307,コンシーラータイプ,1,1,0,0,0,0,0,0,0,0,0,0,0,0
2308,購入可,1,0,0,1,0,0,0,0,0,0,0,0,0,0
2309,指定,1,0,0,0,0,0,1,0,0,0,0,0,0,0
2310,下着,1,0,0,0,0,0,0,1,0,0,0,0,0,0
2311,ここの,1,0,0,1,0,0,0,0,0,0,0,0,0,0
2312,マキアージュ・・・毛穴,1,1,0,0,0,0,0,0,0,0,0,0,0,0
2313,お医者さん,1,0,1,0,0,0,0,0,0,0,0,0,0,0
2314,中間,1,1,0,0,0,0,0,0,0,0,0,0,0,0
2315,安価ニキビ用,1,0,0,0,0,0,1,0,0,0,0,0,0,0
2316,割合カバー,1,1,0,0,0,0,0,0,0,0,0,0,0,0
2317,とき色味,1,1,0,0,0,0,0,0,0,0,0,0,0,0
2318,激安,1,1,0,0,0,0,0,0,0,0,0,0,0,0
2319,レヴューシリーズ,1,0,1,0,0,0,0,0,0,0,0,0,0,0
2320,カヴァー力,1,0,0,0,0,0,1,0,0,0,0,0,0,0
2321,粉体,1,0,0,0,0,0,0,1,0,0,0,0,0,0
2322,ＵＶ対策,1,0,0,1,0,0,0,0,0,0,0,0,0,0
2323,ゅうしました,1,1,0,0,0,0,0,0,0,0,0,0,0,0
2324,２８％,1,1,0,0,0,0,0,0,0,0,0,0,0,0
2325,ラク価格,1,0,1,0,0,0,0,0,0,0,0,0,0,0
2326,uvカット,1,1,0,0,0,0,0,0,0,0,0,0,0,0
2327,完全,1,0,0,0,0,0,1,0,0,0,0,0,0,0
2328,2段つけ,1,0,0,0,1,0,0,0,0,0,0,0,0,0
2329,ブランドの,1,0,0,0,1,0,0,0,0,0,0,0,0,0
2330,容易,1,0,0,1,0,0,0,0,0,0,0,0,0,0
2331,四季,1,1,0,0,0,0,0,0,0,0,0,0,0,0
2332,個数,1,0,0,0,0,0,1,0,0,0,0,0,0,0
2333,製造,1,0,0,0,0,0,1,0,0,0,0,0,0,0
2334,ＵＶカット成分,1,0,0,0,0,0,0,1,0,0,0,0,0,0
2335,さりげ,1,0,0,1,0,0,0,0,0,0,0,0,0,0
2336,タール色素,1,0,0,1,0,0,0,0,0,0,0,0,0,0
2337,何時間,1,0,1,0,0,0,0,0,0,0,0,0,0,0
2338,大衆的,1,0,0,0,0,0,0,0,0,0,0,1,0,0
2339,ホワイトニング,1,0,1,0,0,0,0,0,0,0,0,0,0,0
2340,乳液状,1,0,0,0,0,0,0,0,0,0,1,0,0,0
2341,窒息感,1,0,0,0,0,0,0,1,0,0,0,0,0,0
2342,気分的,1,0,0,0,0,0,0,0,0,1,0,0,0,0
2343,色味(黄色味),1,1,0,0,0,0,0,0,0,0,0,0,0,0
2344,柔らか,1,0,0,1,0,0,0,0,0,0,0,0,0,0
2345,カワイイ薄つき,1,0,0,0,0,0,0,0,1,0,0,0,0,0
2346,ケチら,1,1,0,0,0,0,0,0,0,0,0,0,0,0
2347,スプレー,1,0,0,0,0,0,0,0,0,0,1,0,0,0
2348,ょく),1,0,0,0,1,0,0,0,0,0,0,0,0,0
2349,一式,1,0,1,0,0,0,0,0,0,0,0,0,0,0
2350,極上,1,0,1,0,0,0,0,0,0,0,0,0,0,0
2351,ﾃﾞｻﾞｲﾝ,1,0,0,0,0,1,0,0,0,0,0,0,0,0
2352,1番カバー力,1,0,0,0,0,0,0,0,1,0,0,0,0,0
2353,照明,1,0,0,0,0,0,0,1,0,0,0,0,0,0
2354,びがよくてカバー,1,0,1,0,0,0,0,0,0,0,0,0,0,0
2355,メルティタッチ,1,1,0,0,0,0,0,0,0,0,0,0,0,0
2356,使用済み,1,0,0,0,0,0,1,0,0,0,0,0,0,0
2357,ところニキビ肌,1,0,0,1,0,0,0,0,0,0,0,0,0,0
2358,コスメ等,1,1,0,0,0,0,0,0,0,0,0,0,0,0
2359,あと日焼け,1,0,0,0,0,0,0,0,0,0,1,0,0,0
2360,ＳＰＦ１５,1,0,0,1,0,0,0,0,0,0,0,0,0,0
2361,ドクターズコスメ,1,0,0,0,0,0,0,1,0,0,0,0,0,0
2362,毛穴カバー力,1,1,0,0,0,0,0,0,0,0,0,0,0,0
2363,小皺,1,0,0,0,1,0,0,0,0,0,0,0,0,0
2364,クリーム上,1,1,0,0,0,0,0,0,0,0,0,0,0,0
2365,化粧品以外,1,0,0,0,0,0,0,1,0,0,0,0,0,0
2366,透明感つや感,1,0,0,0,0,1,0,0,0,0,0,0,0,0
2367,ナチャル,1,0,0,0,0,1,0,0,0,0,0,0,0,0
2368,化粧水養分入り,1,1,0,0,0,0,0,0,0,0,0,0,0,0
2369,白粉,1,0,0,0,0,0,0,1,0,0,0,0,0,0
2370,ところニキビ,1,0,1,0,0,0,0,0,0,0,0,0,0,0
2371,価格薄付,1,0,0,0,0,1,0,0,0,0,0,0,0,0
2372,1年中,1,0,0,0,0,0,0,1,0,0,0,0,0,0
2373,ルース,1,1,0,0,0,0,0,0,0,0,0,0,0,0
2374,意見,1,0,0,0,0,0,1,0,0,0,0,0,0,0
2375,ことろ,1,1,0,0,0,0,0,0,0,0,0,0,0,0
2376,アペックスアイ,1,0,0,0,0,1,0,0,0,0,0,0,0,0
2377,働き,1,0,0,0,0,0,1,0,0,0,0,0,0,0
2378,有能,1,0,0,0,1,0,0,0,0,0,0,0,0,0
2379,返品交換,1,0,0,0,0,0,1,0,0,0,0,0,0,0
2380,まし,1,0,1,0,0,0,0,0,0,0,0,0,0,0
2381,無,1,0,0,1,0,0,0,0,0,0,0,0,0,0
2382,扶洋,1,0,0,0,0,0,1,0,0,0,0,0,0,0
2383,ストーリー性,1,0,0,0,0,0,0,0,0,1,0,0,0,0
2384,ヒィット感,1,1,0,0,0,0,0,0,0,0,0,0,0,0
2385,軽減,1,0,0,0,0,0,0,0,1,0,0,0,0,0
2386,1年,1,0,0,0,0,1,0,0,0,0,0,0,0,0
2387,特有,1,1,0,0,0,0,0,0,0,0,0,0,0,0
2388,<スッピン,1,0,0,0,1,0,0,0,0,0,0,0,0,0
2389,テニス得,1,1,0,0,0,0,0,0,0,0,0,0,0,0
2390,好き匂い,1,0,1,0,0,0,0,0,0,0,0,0,0,0
2391,'ホワイティア・・・',1,1,0,0,0,0,0,0,0,0,0,0,0,0
2392,キツクナイ,1,0,0,1,0,0,0,0,0,0,0,0,0,0
2393,ナチョラル,1,0,0,1,0,0,0,0,0,0,0,0,0,0
2394,ブランド自分,1,0,0,1,0,0,0,0,0,0,0,0,0,0
2395,もより,1,0,0,0,1,0,0,0,0,0,0,0,0,0
2396,リキッド系,1,0,0,0,0,0,1,0,0,0,0,0,0,0
2397,舞台メイク,1,0,0,0,0,0,0,1,0,0,0,0,0,0
2398,すっきり,1,1,0,0,0,0,0,0,0,0,0,0,0,0
2399,らく,1,0,0,1,0,0,0,0,0,0,0,0,0,0
2400,す,1,0,1,0,0,0,0,0,0,0,0,0,0,0
2401,ワントーン色白,1,0,0,1,0,0,0,0,0,0,0,0,0,0
2402,カラーパール,1,0,0,0,1,0,0,0,0,0,0,0,0,0
2403,手ごろどこ,1,1,0,0,0,0,0,0,0,0,0,0,0,0
2404,スティクタイプ,1,0,0,0,0,0,0,1,0,0,0,0,0,0
2405,何千円,1,0,0,0,0,0,0,1,0,0,0,0,0,0
2406,水乾両用,1,1,0,0,0,0,0,0,0,0,0,0,0,0
2407,要素,1,1,0,0,0,0,0,0,0,0,0,0,0,0
2408,顔面,1,1,0,0,0,0,0,0,0,0,0,0,0,0
2409,ｹｰｷみたい,1,0,0,1,0,0,0,0,0,0,0,0,0,0
2410,お徳,1,0,0,0,0,0,0,0,0,0,1,0,0,0
2411,ジェルファンデーション,1,0,0,0,0,1,0,0,0,0,0,0,0,0
2412,パール入り,1,0,1,0,0,0,0,0,0,0,0,0,0,0
2413,仕上り時間,1,1,0,0,0,0,0,0,0,0,0,0,0,0
2414,２人,1,0,0,0,0,0,0,0,1,0,0,0,0,0
2415,姉,1,0,0,0,0,0,0,1,0,0,0,0,0,0
2416,日本製,1,0,1,0,0,0,0,0,0,0,0,0,0,0
2417,ポイント制,1,0,0,0,0,0,0,1,0,0,0,0,0,0
2418,製品自体,1,0,0,0,1,0,0,0,0,0,0,0,0,0
2419,和風,1,0,0,0,0,0,1,0,0,0,0,0,0,0
2420,リピ,1,1,0,0,0,0,0,0,0,0,0,0,0,0
2421,ところかいい,1,0,0,0,0,0,1,0,0,0,0,0,0,0
2422,決め細やか,1,0,0,0,0,0,1,0,0,0,0,0,0,0
2423,広告,1,1,0,0,0,0,0,0,0,0,0,0,0,0
2424,色黒,1,1,0,0,0,0,0,0,0,0,0,0,0,0
2425,紫外線カバー力,1,0,0,0,1,0,0,0,0,0,0,0,0,0
2426,ケース等,1,1,0,0,0,0,0,0,0,0,0,0,0,0
2427,ホドホド,1,0,0,0,0,1,0,0,0,0,0,0,0,0
2428,小さめ,1,0,0,1,0,0,0,0,0,0,0,0,0,0
2429,リキッドタイプ美容液配合,1,0,0,1,0,0,0,0,0,0,0,0,0,0
2430,簡単綺麗,1,0,0,0,0,0,0,1,0,0,0,0,0,0
2431,好感,1,1,0,0,0,0,0,0,0,0,0,0,0,0
2432,UVｶｯﾄ・,1,1,0,0,0,0,0,0,0,0,0,0,0,0
2433,色つき,1,0,1,0,0,0,0,0,0,0,0,0,0,0
2434,チューブ,1,1,0,0,0,0,0,0,0,0,0,0,0,0
2435,根拠,1,0,1,0,0,0,0,0,0,0,0,0,0,0
2436,小鼻,1,1,0,0,0,0,0,0,0,0,0,0,0,0
2437,屋外,1,1,0,0,0,0,0,0,0,0,0,0,0,0
2438,リクイド,1,0,0,0,0,0,0,1,0,0,0,0,0,0
2439,信頼感,1,1,0,0,0,0,0,0,0,0,0,0,0,0
2440,補正力,1,0,0,1,0,0,0,0,0,0,0,0,0,0
2441,パール状,1,1,0,0,0,0,0,0,0,0,0,0,0,0
2442,防腐剤,1,0,0,0,0,0,0,1,0,0,0,0,0,0
2443,皮膚科医,1,0,1,0,0,0,0,0,0,0,0,0,0,0
2444,夏限定,1,1,0,0,0,0,0,0,0,0,0,0,0,0
2445,ＳＰＦ効果,1,0,0,1,0,0,0,0,0,0,0,0,0,0
2446,分離タイプ,1,0,0,1,0,0,0,0,0,0,0,0,0,0
2447,通信信販売,1,0,0,0,0,0,1,0,0,0,0,0,0,0
2448,あとケース,1,1,0,0,0,0,0,0,0,0,0,0,0,0
2449,ゴルフ,1,1,0,0,0,0,0,0,0,0,0,0,0,0
2450,結晶崩れ,1,0,0,0,0,0,1,0,0,0,0,0,0,0
2451,むら付き,1,0,0,0,0,0,0,1,0,0,0,0,0,0
2452,切欠,1,0,0,0,0,1,0,0,0,0,0,0,0,0
2453,リ,1,0,0,0,0,0,0,1,0,0,0,0,0,0
2454,オーダー,1,0,1,0,0,0,0,0,0,0,0,0,0,0
2455,リガ,1,1,0,0,0,0,0,0,0,0,0,0,0,0
2456,価格仕上がり,1,0,0,1,0,0,0,0,0,0,0,0,0,0
2457,重ね,1,1,0,0,0,0,0,0,0,0,0,0,0,0
2458,進化,1,0,1,0,0,0,0,0,0,0,0,0,0,0
2459,びがよいしっとりしている,1,1,0,0,0,0,0,0,0,0,0,0,0,0
2460,コッテリ,1,0,0,0,1,0,0,0,0,0,0,0,0,0
2461,日焼け止め対策,1,1,0,0,0,0,0,0,0,0,0,0,0,0
2462,アレルギーテスト済,1,0,0,1,0,0,0,0,0,0,0,0,0,0
2463,起用,1,1,0,0,0,0,0,0,0,0,0,0,0,0
2464,気もち,1,1,0,0,0,0,0,0,0,0,0,0,0,0
2465,ベタつき,1,0,0,0,0,1,0,0,0,0,0,0,0,0
2466,基礎化粧,1,0,0,0,0,1,0,0,0,0,0,0,0,0
2467,びがいいのでぬりやすい,1,1,0,0,0,0,0,0,0,0,0,0,0,0
2468,海綿,1,0,0,0,0,1,0,0,0,0,0,0,0,0
2469,夜,1,1,0,0,0,0,0,0,0,0,0,0,0,0
2470,キッド,1,1,0,0,0,0,0,0,0,0,0,0,0,0
2471,滑らかさ,1,0,1,0,0,0,0,0,0,0,0,0,0,0
2472,桃肌,1,1,0,0,0,0,0,0,0,0,0,0,0,0
2473,'BA',1,1,0,0,0,0,0,0,0,0,0,0,0,0
2474,ロマンティック,1,0,0,0,0,0,0,0,0,1,0,0,0,0
2475,コンパクトガシンプル,1,1,0,0,0,0,0,0,0,0,0,0,0,0
2476,鉱物油系,1,0,0,0,0,0,1,0,0,0,0,0,0,0
2477,平ら,1,0,0,0,0,1,0,0,0,0,0,0,0,0
2478,チューブ入り,1,0,1,0,0,0,0,0,0,0,0,0,0,0
2479,不満,1,0,0,0,0,0,0,0,0,0,0,0,0,1
2480,UVカット機能付き,1,0,0,1,0,0,0,0,0,0,0,0,0,0
2481,40代,1,0,0,1,0,0,0,0,0,0,0,0,0,0
2482,大抵,1,1,0,0,0,0,0,0,0,0,0,0,0,0
2483,訳,1,1,0,0,0,0,0,0,0,0,0,0,0,0
2484,ダメージ,1,0,1,0,0,0,0,0,0,0,0,0,0,0
2485,明度,1,0,1,0,0,0,0,0,0,0,0,0,0,0
2486,落ち着き,1,0,0,1,0,0,0,0,0,0,0,0,0,0
2487,ワンプッシュ,1,0,0,0,0,0,0,1,0,0,0,0,0,0
2488,2段,1,1,0,0,0,0,0,0,0,0,0,0,0,0
2489,染み,1,0,0,0,1,0,0,0,0,0,0,0,0,0
2490,ところどこ,1,1,0,0,0,0,0,0,0,0,0,0,0,0
2491,サービス,1,0,0,0,0,0,1,0,0,0,0,0,0,0
2492,理キット,1,0,1,0,0,0,0,0,0,0,0,0,0,0
2493,ｹｰｽ,1,0,1,0,0,0,0,0,0,0,0,0,0,0
2494,化粧水後クリーム,1,0,0,0,0,0,1,0,0,0,0,0,0,0
2495,約３年,1,0,1,0,0,0,0,0,0,0,0,0,0,0
2496,通販化粧品,1,0,0,0,0,0,1,0,0,0,0,0,0,0
2497,女優,1,0,0,0,0,0,1,0,0,0,0,0,0,0
2498,好嫌い,1,1,0,0,0,0,0,0,0,0,0,0,0,0
2499,さげ,1,0,0,0,0,0,0,1,0,0,0,0,0,0
2500,１，０００円以上,1,0,0,0,0,0,0,0,0,1,0,0,0,0
2501,ティッシュ,1,0,1,0,0,0,0,0,0,0,0,0,0,0
2502,敏感肌対応,1,0,1,0,0,0,0,0,0,0,0,0,0,0
2503,いま,1,0,0,0,0,0,0,0,1,0,0,0,0,0
2504,粘土みたい,1,0,0,0,0,1,0,0,0,0,0,0,0,0
2505,エアータッチファンデーション,1,1,0,0,0,0,0,0,0,0,0,0,0,0
2506,リーズナブル､容器,1,0,0,0,0,0,1,0,0,0,0,0,0,0
2507,使用成分,1,0,0,0,1,0,0,0,0,0,0,0,0,0
2508,箱,1,0,1,0,0,0,0,0,0,0,0,0,0,0
2509,ピテラ配合,1,0,0,0,1,0,0,0,0,0,0,0,0,0
2510,コンビニ購入,1,0,0,0,0,0,0,0,0,0,1,0,0,0
2511,ＵＶ対応,1,0,0,1,0,0,0,0,0,0,0,0,0,0
2512,噴霧,1,0,0,0,0,1,0,0,0,0,0,0,0,0
2513,カブルこと,1,0,1,0,0,0,0,0,0,0,0,0,0,0
